fa129fe24ae2fd26ff4ddd132a4f3b2564831e906dd10dcbf37aca0fede03884,SP-1001
2cec48ad9232d5939bff01cf02d5d9acc888958fbdbbdd7ae51d99ae893681dc,SP-1001
0be93571ac0d64c4b0d6931fb35bc13aabdb557fc588f5001311b643fb1096a6,SP-1001
af04085029a5107ba3a223375dbbd0bffa2515b7b1720a3cf751e65c74ddce12,SP-1001
a71d790cb0bb8a72996aa62ff206c2429c4a50f7d85bf4d0ced2e144b0dfef44,SP-1001
cec3aa214e991e5fce7b66dae004d47f049d18a7c50e91bf795e4cd8387e525d,SP-1001
5d466c383e9134532fab533ce0a2fa8ae17400668c0c1a50fd7e2978aa97efd2,SP-1001
8acbed313defe7838630e3936df9cffb0013565a9eb0017f331dacc1d2253af3,SP-1001
f286c7867dd77142b6f50d00dae3a2398ea855d0ab562c9bb9d81ffad948f380,SP-1001
3b62016056ddef49ce732ed52b6885c1f5374678f4bc3c8ab94292e0c05cc900,SP-1001
3451b68f11eb21d1c4f1ab897bccd36ef73a79ac95c5d69acb8019b9b14cfbb3,SP-1001
75148dec5aed56264f21fcf92c9c030f1722807aa60c9775d5b22a57c38d7048,SP-1001
cc48f751f1cd3cd429bc92c53ecb923b358f5988a5d84fc7aa494ada204a67ed,SP-1001
6bee9b990de659d6f7468c804ae7e543bde39596987cc1a7fa2ec9584954deb7,SP-1001
8f10ab168fdb390228fb645ec4abe4bc1b1d1a8b1ef459580ca0bf0a19921687,SP-1001
b8f24e6db8ecab39c275023f853a72cae734533aebe4557c8cf3cb45ba79ef2f,SP-1001
c7971ac7e29c174a4b444b0579f131aab2dc53677b7a4788104b6921ce85e5af,SP-1001
632844b773edb30107682f0c446c170362343b0f08890d03bea4c8d88df5897e,SP-1001
e391783b44acd0b76046755ef0b882d7dc04619b3b89f23deff65bdcbb531ebf,SP-1001
8479c9fc464434950fd1a7ba0c5beace30938ce07c159637ad3ff4fd05c9b685,SP-1001
e67f62061e143a6ac846ec3fb03a4ff7f2bf26a67b5df5adb14ef626cecb3297,SP-1001
2f2d812c3cbbcbe7b5eda39fd1c4129375348fcf411ea56cef61ff106c018da0,SP-1001
05e404a81e0e3448fa108ea57ae8d40b6b60523ec1afa8e08f5362d6608ecb98,SP-1001
f61ef91b25bd31657489c4b8447220c0833997ccf49ec15cf46784943e0b0677,SP-1001
d72f4a7d2d50b79c9dab77dbdcb6bb4dea195485d11047b75ae8580e8e8e7f4a,SP-1001
73263c6af361dc693a349d1c3271926f49c809eb5183c7049aad457062f8bab4,SP-1001
86b9083d30e529e68a922f64cb236e79b74d65f545de46a422c62b98e4e1e43b,SP-1001
da8ce9c0b57603ee925b439681c38a6d156837df5e772e532780b5b289c9fc04,SP-1001
58992c35982a4aacdc099ee3d89246c63481adac7e111181d60534b778416440,SP-1001
a4dc81fc2d40adf67ce82665f24f0f7aef7eed29be8265834a299bdf412a18d0,SP-1001
311341e89926913af67e14d15a0b58a5ed7e6e9c06a9efaaae34f380a092d10a,SP-1001
556fcfd8613a9cfde8fc40a9f7ba5d407e5e1fa72bcabed92232f64f11aaa1b9,SP-1001
c51c680cbe6cd41af9979c0896e4126b08ff2127d914d269886a6173f582e4f4,SP-1001
cb248964a95e63e348262b89482e0487727a342d567a2d27482dfb2a415a4b77,SP-1001
7f2fb6598daad17389325338e987f20ab2d7c94eccee6eac42cf71224e499e3c,SP-1001
6d74017a07a02f279065343ee1c72496a573347f09098d4b59f0b848987b8455,SP-1001
9c9bd7f93104121f451e37137c0d1f2021c786eda3358cd2196edca4e226308e,SP-1001
8229dce206dc1b3a2f8191b661a537bd2517ddce8c428c907d6731f96e433a71,SP-1001
7dc4d57c9d6c91bc5b4c8ed7fbbc82a13bf482d7962118a3970cafdc144bcd47,SP-1001
b9c3ab9e45b9d4d72966b073140e0ab1a3072246b3be2d407828aa947b82a874,SP-1001
2548b5cc8bc7efde376cac7a91c7acea88bb3d8fd31f7fc1b541ba3d71ba1771,SP-1001
993a552c7e6b1cbdbbd0271a55da4c0ddaa37d76d2e2bcbf3aa37f4a0608ed1e,SP-1001
c6dc8172cfe173edd1037891b812d9b2a1ba98a87291744cf7f38f266c628c85,SP-1001
9d4d119a1bc4f51eac2f81338f896c0343b7f6fcc18b194c9b7cce1df8ba4095,SP-1001
30ae99695c7a3cee7724836d013ceea0166346076d4f8c4c8480af9686f34134,SP-1001
c53a959152248d6b886043920cd2ad71ff6ad485423ea42ae09bc6df0fc45cee,SP-1001
af6f5b853d290068c3052db136475139644cbf79c830b5aa9f9e0370b40816c9,SP-1001
5c5f29a00f297da6c225e310eb63b2587e57d18f452c1dcc25fc0c587957582e,SP-1001
3ebd10b6fb29c688cbf5423eca8db57598b00a1fc6b1fb4d6e9ddfddad682764,SP-1001
d1fe8af8b2271a5699fdacb320c2a678a6cb6aee6373ae8477741bf24e4fd689,SP-1001
7bb906489627f63116bf7ecbc20415901747cb540e2f108aa6d82f751d56013f,SP-1001
ebcf6200d0101301b0b8e7a42dbe825e77bb684d34f66c73c2f8a17fbff76bb9,SP-1001
ea816de880f43e51d95f542d3996a80636aa2e921d4acfa4388bdb95bf588da5,SP-1001
bdc46d2bb6c37bac63857ce48f136169217d97cb2028f9830dfad4a8b51c8778,SP-1001
279096cd4b712fa859cab10cd076315555c435ecea351a79e839f73f6d9070c1,SP-1001
804d586be01a23a9ddf01567c958f7abc25c957681c32ca76048a4ad67f740e4,SP-1001
ab474fd19c7956fd18ccce14de5405f0e3bb89eb08be2ed67568676525475321,SP-1001
300f6c463e41c70144c65ba478eeab4e24695f68d99561cc09e6446290e087a9,SP-1001
2b662a495f3d7134fabf0d3d1719f252c9fc73a9a3d7e881709d00e568551f29,SP-1001
6defd1bec0fc843624db4ff171d70a01a4456cc504b8e5bcf45fc409e0d4d211,SP-1001
15cb6d338068488bf0d0dbb9e96548611dd09b84886bf8bffea2c6b7f0aa4fac,SP-1001
3be1a95123d166df870d28fba28d299ea6971fbf8de3edf3ecc28573e420511d,SP-1001
11d24a77cbd29f745659d1122175afb14402af28021aa90918a161524a4ad8cc,SP-1001
566e6c850d013fae4217172b6ba213989826c88c8e0ff0de5483e5eee4084c03,SP-1001
613cc6678b68326df563864283ae60bd79bab61d09e4148909e8c7b41e27048f,SP-1001
574a4356a61d158e49fd08f5cba44fafa584e2ad402888cdeaaf1da9f65f4c71,SP-1001
fea1babb35cf7d76a65ee7d515befdde4d301968c018474f0c375e6f84895d49,SP-1001
00e8a1210e20f3f5e4d975f6db14e5912c0df6188c406a5893508a7a57613927,SP-1001
e82173c166ccd4cc58aaa43e2e3850ebfbdbb2914d304ca379a4ebf611be7da7,SP-1001
9358754130a4476441ed39737fe8ae729ace85a3557d97d7338231801abadc59005301efeb0f49c8c40cdf95d445,SP-21
f27f2fb8b22ceca9349103d4611b59a3444a16c5e2f64311d19f9f94e74b95bc,SP-21
757df264e9e6bb7d4315237c366e026612ece5661adee72ed1083b5ac7fbb669,SP-21
93602415bcd801354c2ea64d24cdfe6086491b901f78c64080406a411d98431e,SP-21
df533f26279811746e94bef3fbc80d98287dadfe23e9,SP-1001
0ad32eaa666e546a656eba285a6d3b90197bd283a754e3e375e66c0bfbdcb9fd,SP-1001
6e0d8c68d210152062fd25a65c599f60fd79eb5bf3d1650bb9e7e7ff87c17d1c,SP-1001
b441a3f1fc5bed1a571c3da6183dbaf4ad27021e074959b0461beac26fc6743e,SP-1001
8b2249b51a8f2ecbbc39eae7e5b910bf3a5323f58c691910c5c5f8681836b0f3,SP-1001
dae7ebf030fc918ebb81f44bc034e97ec7f68ef2149588c0cb6b0eb1dee2f74a,SP-1001
dc4af513f5c856c907ba4cd728866dd7882ff275d75b987ef0a40f6738b727dc,SP-1001
d1fa5fc421abab26ed77cf0381ea0bf8f334f5c6ac627afd74b74ed88c8fac7f,SP-1001
3d70328f2b5ac8f68a1d4d88b954c4772c93f1fb0217e97eb1bd6c912910eeb9,SP-1001
eaf788120fc4843f68fea7327160508a706ba0cd235821f01c96d69b255878be,SP-1001
8ce2978c1da1241c8fe07536348b010b21e0496b03657d4bdd32f28ec89bf76c,SP-1001
f9c0fa6590c67de450af9732fe531e744b06f247d2a35ca4563c406306886d35,SP-1001
fbde975f85af868208f7d732a30b85a9b5d0832696c1e82fda39601a18b03f79,SP-1001
7bb31abfcbed440957d5bb3121b88bd1e019786c22d627eda3d54a2476d4779b,SP-1001
87ac27edc32d2a72907f06bc04534e5330902f1a6fcdf453709741fc64a82a6c,SP-1001
032123d63d6fad1046dbfb1c109c5da72e3ef0e91295ee9ef257e73a88bb58cd,SP-1001
47366344283e9b775b72049be8bbd981ba34f195e0b2b6bd2b5f04085b8a76bf,SP-1001
2789bb525cd7fd16d2381e8a828cc528c096f7b54c9a8b967788f7fdb5008a3b,SP-1001
5ebc0ca449dff0a0e54907aab2da49b42ba6fba335a47813e4690311215d9ae8,SP-1001
9a5106f7caece72552347624bd47ec404c3129b6059d52b7e55098fdaa7c0e62,SP-1001
03c9979f1897bed7e5d64d9cb66324baa62c68f4bea7e1d56365cf2352ed07b8,SP-1001
0e1fdc1db7e4d0ad34b4d8dd10fa71600f50d5ac3b535d4e86bb9da4ab0e845a,SP-1001
b563289c74076c50fbbc113a1b2e40f73f4ad739b143e84a6fbcd47763f994ee,SP-1001
b2bc4b441dd17d3c8aa435047605af6985326e548c6c8b0acfab656d23f59a29,SP-1001
46f548dd325adb4f5828db01b4148bca184e059599137f6facbc6ad919499eaf,SP-1001
36d260b4f4c0b783b76307ba02f702437de99b3e9953f1d4d53515d58fe16cb9,SP-1001
40c9e4b125605ae71d696792bd754e7125c13cf21d45853f4e66f8cbbe281337,SP-1001
def5553088f568ab20da930a9df682ab61d225b0e6023da3623fc1861aa95378,SP-1001
cfa319fa705417f256dbfe766ab0c784d707cb21a02a042aeae6f582662ceb0b,SP-1001
afcb7f022996815291b294e771e51cbd4277d398d7a5fbfd31d2210f1f3c1698,SP-1001
d6c28f57ecf07df8b672fd345f3ff1659fec06e3ff7e8de2cd1de9f8b00ed477,SP-1001
202e01e33c6cc7096437a57d4c48789b285b65bd3c7b81f77de7aca2425c0d29,SP-1001
9431d2944bf9937d4dad6b4d7c7eb25bface92590535683885d0d97bf9cdceb7,SP-1001
f6f8385618a076039ac2d5a9a303d089a54503ad3057dc5d583964fd0d47897d,SP-1001
ece6b261ae342eda2121baef988674e09880f16ec12ae091c8c018ec95b23adb,SP-1001
f54922a624fc9a40f93e0ec7397e352925f9f530d0ecb1161f44f51be0434d6f,SP-1001
bd3dea64ab8836005501b8b3e22bdcb799f5eb3978f47772a4b380de841f296d,SP-1001
857176cb8dc56d057a9a50ee470135e8a6e0a97110da04e9610ceae433522eeb,SP-1001
852ae5093185aa2ac6d491ab27de1d3de28f580caf32f63021649c7d7c230ad9,SP-1001
8d0df912eec8e1783d8eb722d8cbe0627855b1739f08c3108d738e18e5476605,SP-1001
0f83353959336986b5323de971de7d5e453f33f2482a6feafc1e6b593895f61a,SP-1001
52d17bc930b175bc5e3b3165962c928a73c046b75acfb13148ac9ef862826077,SP-1001
7297c7e1440d6cf13d1dfdb217b7494f70d9909f272a2fab5bbcc9e48619c6c6,SP-1001
c67eebc8fd1f0b8664548afd81783666ac7619f5e135d14980864235dd104059,SP-1001
91483159db1e28450a54bfe516c5d27e57b755cf772042eb87119396a2f9b9dd,SP-1001
914a9f952ab266e707af8841c6c13f9c1b19b9d5dc629e59be5d7408c812f28f,SP-1001
dbd8ecdebf544bbee49a118ff485bc63a6ffd19d9984b4946afee913a01afa0f,SP-1001
49282937885d5a710b2893382091c76ac1dab0b011b6f9db58a1684d92b29e80,SP-1001
92be532703f491db696c3772628701d8dde0b4a77ae66a790d2c69ce9afabccf,SP-1001
00078c58151147c845fa62d0c5f8a924b6a4964217fa367c45239820a8bcc2c0,SP-1001
2195a9192611d51830fcd3ede877037bb49e513abe4d7b8ef582a278f38854d9,SP-1001
ec034191b9cb6b74b590a0ec1dfb4f5a4c62e7211f78c42695b9ae6a51bee675,SP-1001
6a95e4122e0b59c954ea3eeb8d9eebe6c17f19c02b96e087dd0ac1436208d978,SP-1001
b8428a111a35c5a46406ca15e534189208dc1b009d092deb8311df846c15526b,SP-1001
d11a545accfad2d67537fd7e672e367c96b903a692357776cb44221d1f26e166,SP-1001
835226b39a1764912492ee69f095133bfebce62937958979d619e11365a29aa6,SP-1001
9027e799b336ca6372eaa69feb53850b9e0855de8cd8f6261cf376787b76e7b8,SP-1001
b584ee5bddee86b9dc66d23ba8906d2e0a8eca24068fb8544557c32fd22d38a7,SP-1001
f085a80ed81a2e367ce1ad604adb7aaeaeeb0a53ecae65e8ee8b0f61782d488a,SP-1001
61b1ecd3e4ad43f409f1c9e0aa56aedbaa043a2b5a2f81b2fe10a9e02b1ae915,SP-1001
675f410601e154ba6e8127dd25eab7d24c9b68ea986e0d42e9487e547eee96ee,SP-1001
35aeb239a380d69142473f87e9ff00dc320ab19d9a7725ce3825308cbc60202e,SP-1001
d8341ef47b44f4d3b22775798d53b06a4ed371f8fde9052aac98082e6f34ce9c,SP-1001
8ea59144de985a34cf06bda58fa0e6ed489fbb145b8d4acffb393aae6e80ca86,SP-1001
8dd48181181dfde7ed3483b702663308d37d8af6d75dd743b22cf58df8d8187c,SP-1001
076e7009645b0d85abbeee8029617f4848475f53cb011836b6696a9a8ad51237,SP-1001
bf7294698fd681f960d217be915cb19f2b4903fad2283865ff5ab518fe00b9ad,SP-1001
7f783c3df42ffea4baa94a4fd1306b21d9959c33cf39de0900afbd4080d22ec8,SP-1001
1fc4671d46f7835130f1c3a9fb27e271a5c0c57590742089e916129776c88344,SP-1001
9830a70cc0ddc2ecd2457ba4504c0fbf577981c649aa0db0269e823632481aca,SP-1001
cf7e9fd53c4f5c258968d5ef7c08253fdaa8b70d4d2889589c403926a0575f78,SP-1001
bc7d413a9c62eb80dc0dc6ae98163c698870d3dab6d0df10a4b79dd3394ad2db,SP-1001
9aa2917e62b2084a09a1918a9b16d4ad581416cd608aa9796628bbc243da2ce6,SP-1001
ae729ace85a3557d97d7338231801abadc59005301efeb0f49c8c40cdf95d445,SP-1001
6b2f103ac41853e5bd160d8e8e8ee06ff881df943d71c6d5bd4e56225e81e792,SP-1001
2b24c7489d8f61091664f94cc08fe06475f6bf958b0a7eff93ba20d2c3cc34ab,SP-1001
3d2d990343f1a151da0b45bed3eec1c96c1b5a74383f6e016b58eb92dff0fecd,SP-1001
d788c4e8d63a99db47edcf2bd0e8f03139f781c656b5a9cd94866a088ae8c150,SP-1001
8e3921e3ae793eaf40e9df163cf9b7a1409db4bd32d56139d347f7f29fc216b0,SP-1001
819554f6bbaaca5d8840d94922e858660e9160ce96412f94b7ebb5ec2a5bdbac,SP-1001
c874d98c39f76bc0a442fe53b1db2b95943515efb63cc73bc58b8bf72c0884ca,SP-1001
f61eaa739030a95fc7645b37a3930a55e9e27862fd77fdc9cdeeb40f557181c2,SP-1001
df2e257ff463edeea877392967c08ae521409f1e9df8607142c3f7783d7c7273,SP-1001
81cc04d614a74f57eb5906bc1496cecd1783e82c70ba5f15284b049b79c0905f,SP-1001
a83ce21acbec6088eca8a564fc64b9d15bf025f29d6ccef0dffb2edbde8a94d8,SP-1001
51819171933177bd3bda73c619df4954e784a656067754e8afbd5df1a9f1609f,SP-1001
c70f99994b61e3ad8b7daf1ba02411683ee372880905529d777515d3e92d3b60,SP-1001
cd81ff74f8e238d77695567be98d143ebf612c208e1d1a1714da968b46e90b46,SP-1001
dbbb1973d3dc4745d04cb0bf1d326599f6647e19e7b8492d28e89483db2dd82f,SP-1001
39eed12ad30178506af42d0d980c42b40373a0ceb09166da0fccf0b857674424,SP-1001
5738691541b58b5f37245614a0770bbf043de048597595f3ad139cfe08809385,SP-1001
c8875034b41d11dcd967f800eb8abb4a0e686fdd4746ab2a386425be0b0b8b00,SP-1001
8890201fbc09db140c39e32cb152b3d458cb935d2fb4fc24172288fa81b53c17,SP-1001
b0730623c861c1354ecdfa9b9ac9a719ccb83b9f5d912afb38b72d42d1ada348,SP-1001
f32270033ad69a58397d800a3e00ef9ac3b25cbefeb5c19dfcb1d7ea5ab90286,SP-1001
057238dd241b98b30bee3f8a3db3561e770a660110a7d674b3f013b1894fb5d1,SP-1001
3dbfed527c6991ead517ac746cab1ef69e57b294fb6138ff9dbccf327431dfa2,SP-1001
b12a001f24dc6b63f51f8922ce2699655a66f6644a99daff2cdfaca4dae3cac0,SP-1001
36c2e9b6bcaaf954a6105fb671557dde7d7a2e008118ff42bbb8a1436dcf16f8,SP-1001
46b47cd970d783bf1fd5d3ea668ee7ebc4fa3d2100054db932316b185fe01b2f,SP-1001
31d472179402fcbccbe0e70b2d9daa43356c98795d0db2c213a959bcac8782bd,SP-1001
2d14300258f9a47072f892f63eeca8dd6bda9dada2982412d3eaa0d7da3a48b1,SP-1001
1e6e729f7d5dba6d873873bd1f5ec493446b5d60a22e8d73f8374a54857e7604,SP-1001
ac082163134c42f08f37e2f52b1ae0695e032b2b393473281866a4a3770d829f,SP-1001
fc404a6e0b1cc7a9b5c65471768fb295e788083ff93305d3676cc330087bf8a7,SP-1001
68f842264fa658a66dcdafb07eeb486a4e59f6aab75c10aebd0d7de0a284758d,SP-1001
7eb1c832625a6cc6e8029b9c399de9af68469847460c47fb4a4d0fb4bd16c191,SP-1001
bed2131677d04bfd8df202b3395f933634e042e75755e8a92de90da64dc6f052,SP-1001
b85880826d1994c43ec644aa83b3b8a357bdb663f9c65449c71c51543d08931d,SP-1001
d42ad88214bc802eb2fd3d7216467db08cd2b15e88aa57a12b1c896ecbdde5d3,SP-1001
e3e730af18dd15c89d05102749fc94416099fc0c09593191c3a157f22252a53c,SP-1001
646613ff0b4ab26c0040af6a8a2a96e041aed2dc60044ee17b25f08f4a7aff65,SP-1001
f13ed0c8a97c6888c18a3b6a3ac585ae54d12fdafea7835e0bcc6df9daaecd92,SP-1001
d24ecddbbf09070939d25ddecc6e0bc04905bad5ded81ef8b7274cb78e3c5864,SP-1001
0a159d71c20ed8e43b6f1f4004f12a8be375cf9d9bca52c831359aff9b500f83,SP-1001
3dd9521a26e8dd4e7aea4a8d11507c102dc6422c94ed86ef4da9c6ae8cab9d30,SP-1001
8950395d0648e54be29ae38e0a623b398c6e8128d62f8b51e76adfc6eb6154e0,SP-1001
b9a21fbe79d995b65947a69d71ece1d1b8f17272ca2a14414ec2555e07eb7b92,SP-1001
d5ae926cb35bba220365bd119065fad9d6335f20ad137aa205cf0ac156a42a04,SP-1001
e39a6f2c1daa477e1c02c2cb21386464caf174c41d62d57186ba62e4ce39a2e1,SP-1001
0d813df15eb3132ffb86648dba61a64c6af0a45cab95a5edba900e768f72c1b9,SP-1001
fe6fc38cb035f2190c1a8acd474846cafd28a659cf0d1fe30017e755c1a45db6,SP-1001
90293d15aa85677208925c90a2d1d7be471b17b81a19169320c797350d1f8ca0,SP-1001
ba64c6bce5307aea819b5c599cc7a76ab7bafdef823d669d0f0cdff0c7d72514,SP-1001
a3e66f4740fe0c08d639aea8d6bb530da610533e6d72195404b9f24e0cfe1be9,SP-1001
2fc5a7aa9539f8d8b00a69f7b853ea330fc987751eb795907e817db4ba3eae88,SP-1001
eca8c5af8e80d7c5dc688f45ad2d130b530f5b62edd06c90cf95821713f396f4,SP-1001
3f781bd0f0912a20c089b32097ffd44f5df07eec9421c5fc6487a960ff49d382,SP-1001
0cc1ce7b8a99fe9e3fc4c9c22212db594ce7253e5405faf7fea514ff0aeab024,SP-1001
2f6aa82bff09af68e0244fe64dc8f769f4c01df389da521101ed60a01420b182,SP-1001
215d42a97865a8deee7e0e26bd0b19400ad3438755b73105d23340dc70b6f388,SP-1001
c36fe952edb3ea59ad73f09949a2997564d5328290564fca934a06d1a1c46392,SP-1001
bb420b508f9efa1f59789cc401026259552edae86234a7dc13c13a17ec26b42a,SP-1001
ab764b6d485cf610d30c2ea71c486d457108ad3326c98bb38c7e19c7d85ce58d,SP-1001
0d6aba8c99f158ff33e4e040b49047590965967969c3aaab1e4b57c022be922e,SP-1001
420f0d6cb6115667c41a2e502a2001c36588d8e67874829f4aa83855b0c1d47a,SP-1001
ee1e9a62136c495f4399d66859711be4ee47872cb85af4183d6877356717058b,SP-1001
4a30a911794bc1d46706c59cc73496a41eb3a977b325e1b43718963d76608cfa,SP-1001
41a1b5a8938e64409db191284760c718588aa4be14ed8b5063ea032cf02dd0c9,SP-1001
d7f5eeb0cb7ecd30acf9499c7a59fbf8f72c34a663539d6911985a1d18756480,SP-1001
e43ef8bada5173b51aed35dd05bd82c7b41cfd70398d25573686f30ed75e6425,SP-1001
06782394e0e415abdaffcb832da3369f96f9dd353a6d060cc198852f52b54946,SP-1001
546ac9a45022ae504a9a7ccbacf55e013214a5de738eb3497aae1c8ffae6b23f,SP-1001
bb16fb5d550282fcf1abc8d324af74e6dd734e2f324d718ff0bcd0c237997a76,SP-1001
dc6c24ed51b59002fe619580a7cacc6c8af82febff762d85dee014c31708596d,SP-1001
cf853825bd82c7561bb607bf3fb8ade9db2aaed2023f5141c9e155416e51b713,SP-1001
bb877bfb2360be279392062aed983bdebb8a297b399e09d0b92e0cad3766bb78,SP-1001
e2580655e63891c05f8db8d4846c2b93f9de329edcb42be527caa99d907cb49c,SP-1001
afcd273f69a1082b57a3df1cdc3379ab05d13ccc459408a87f76ed2b8390d3f4,SP-1001
23928cf7f8489b1ea7696c066d769de8c9aed9a0f56d185aa548cf23b80822ac,SP-1001
96f989874cf73af551b94bb1b40729df5fc3f0d71a08f6927d605876ecb7a645,SP-1001
53572a53e42cb9b4a5cf49c23c359c2b4f351f643804f0a0aac519e205b12a05,SP-1001
f97052bcb1981c166e030fb9ae53e564ed7f31d7b2f8fd5eba53aaac6c514695,SP-1001
6d81a0a046e47eb67cb303b8fc0e328cef4cfff2625aa962f2ce774c70b99274,SP-1001
7d1d3f764ff538f256eb34e0373e212a9aad989a7dfbde1e0b38d43d0338c657,SP-1001
0d4111dac41253c35686c0beeb53a61cb205e69b32972135d2dfafcfd70befe6,SP-1001
08a4d3c3d02ee476b0f8b790caf492471c2c4938859b6905dd6dc9772bd4fc76,SP-1001
8ef501d0f7d7a5b8084f2ea3458b7a62363684179043fc0f12d5327f831fe795,SP-1001
f6ee89c29be5968fe83b8e3f2a2c1cd22137ccbb9d2b30841670b31a35a09760,SP-1001
ae135f9d35e4e35d3b82df989250751f3b24a9c577e391e35262c2484cb116f4,SP-1001
3ac6df64b956013a29fef7cbda74a55483081cafd9ff4f78a5539f55de281fbe,SP-1001
0f111289b27e31b65c844b399da777cd2da0281861ed1e6b3645ff4753019077,SP-1001
e3261df7e59313dee2bf8994c6efae8bb957d036b03ab2ba18c8d449007e90ca,SP-1001
f4944b5dec6d54269e105f483757642b9a3ef71e120db8c4868e96a6c1263888,SP-1001
cc475ba37126b2e460faa13dfb7eed1a74595fe4894964bf3fd25fce56648ea1,SP-1001
9016b2cb72d06d91f96494543bd441f4b7a2ea8186a4e811aeb96fe25471b1d9,SP-1001
eead1a71ecaf13bba9fdbd6591f3176156d372ee3ba884c8ddc90d6d3cc8243d,SP-1001
229c1c8b773f7e639bf8554b1974f3e6f4193958ad6f9b41847963fc119d9f19,SP-1001
5a591fae144909d49f9c3c9ce0cdb5310aac00c6f082f86fce23229702a71ebb,SP-1001
8f58e2be8b2dc6967dd9aabd3e684b3a3a24c2269b15c1efc940e7eab30f215c,SP-1001
2a98e64d61d63381e0791501ba688e2fd64b67676e4b6744d09d03cb1e24f6c8,SP-1001
9c10f5b760361e8a6d3103c6ccb592c3d1c1e9ccc6ec54596cbdf37129e4524c,SP-1001
b380e2dfeb7475af939c21be9d7d6898256c0a88d638796b23b591a95ef25725,SP-1001
5424e7017245408b5109592a262d1a661a358d1bcd87cccf8d13967b3df1c619,SP-1001
0af295a59989f56507b3f0b9dae0c01fb093b0e0b3d737c023077b41c6653065,SP-1001
09b4b91eec58f4a2825979e6e418af74299eb238b5a7ea19364df71c32f41450,SP-1001
74c365f280bc16284006622bab0f6a4048dc3237ba65d9b24b03104282e48ce4,SP-1001
b5e2bc58c7c566221e6c7429068ea387ecccb6393ca126eda15bebba1e757bee,SP-1001
9efd60ecc4420d8a973b8787ebd531c07a558ad8672ddc3583c719cf597967ec,SP-1001
e81ccc0420900806037c1c2c7954db7c5b00ef4b4794a319cfdc8cd2790ec558,SP-1001
66f2c0dce04661b9a819991a401c363ab66805b8f4f7547fee92ccf54ea479bf,SP-1001
bf8dffe8ae2eeb16c546fae5aae3bbdbb44eb013cd04923a184be393bc601acb,SP-1001
6b770b589f4d0f5d5440dceaeef43f8236f9c3a7dc83b344ade1cebce7650808,SP-1001
6e15452489dc0c2142f334888dd825c970ef88f2b1c211e24342dae2166f72e3,SP-1001
995944ec4bda0ec1c1e112cb80ec77b4f0a7c22cf8aa52a231fb8903a5442c3f,SP-1001
07e42a7f509c7170f18290a0dc8b22cedf5b232486b2f6708849b11cc3496d7f,SP-1001
ccd64a9c7bd4ada9cc328e361112f7bbc626c9c4ecd4250dd3cb837965a9940c,SP-1001
3240807aba3b649cc0cd40f147900eaa730f00457b50541c914bd79d9eb5943c,SP-1001
ca9a1d75ae35a127413d58a428b2c14cc4df5eb7a2a4674f1c385001b3e2cf0c,SP-1001
c0345500696d10ed30cbe9f368ccb67af8f6bd03ce3451758f25983e516c4f8f,SP-1001
5a0afa6ed65efcd51e9e4e77380af4d529aacd8e51de2eeda680f7f3a84b1322,SP-1001
f40a414aba1fb5828fde2c7ac5cbf80c348f266ba8e1993b845b91500f9a0b33,SP-1001
815679056e37633d8e4dbe79b4f59b1dc8f0c6c65b6ee96ed1b47e6df2a2b841,SP-1001
1949adc3842ece4d147a3f100901140a224a4368b530d848a96afef8303b80fc,SP-1001
27d27c84ce62bb90688995df6e59c3874766131b0f93e93be53f2e5fb54b521c,SP-1001
86e7925ec89894410fbc48aca1542b5f2aa8e266d231977ea885d8f5f6e7396d,SP-1001
c26235c68c67ccdcc53534d25341a4042573c0e045882762d593151dad0f0e9f,SP-1001
c2b3e240b697f36255153fcd876d0ab9ba39491485845ba261763e7b05b97d42,SP-1001
b8b29e21497b5c98ab14b1641fefb147762458f768b5e3caf1ac2e4db03c07d8,SP-1001
958c1c2550bd3e8fbcafd0502c15780613ad13d8ac82803265eb2b9309ebdc99,SP-1001
de2ba02a1890162103b75e4a20769f8b32a34940e41707b71efb727fc45ebbc9,SP-1001
194cb8d2628f0c9aa2faa3e4a5ddc7261dd41ef58aae77a5b731aeb72797a139,SP-1001
9c1a40db4b3f389c750018f7fcd83b70d6089e0ce0e94918599936035bee619c,SP-1001
e8808c2d32754e83746b4fd175629a043feffb38d5e0c99e93b14f6e14e5405d,SP-1001
ec91dc7d7873c7024631057103daf4be1e835cb69ca6653dabf53064daac89a0,SP-1001
7e42456244dfd6b75bf7d156af4e73290acb8d7a0bd2f5cfd85e9e1fef0fdfd4,SP-1001
162c907450c2c74740ba44fc2afe34d51838cb64f330f14362a849952d7393ab,SP-1001
8ab3b0609b697bfc5a027c6d553a0eaa53bb8c5433941356784817977532816c,SP-1001
946dd9720e84c80a2ad4bfce78d0241e9f4a055f81e63375abe3558cab6741d9,SP-1001
08fc1698a823e99d0547db1af6b8eb6c5c694cd4b8bc98b2b441c4a7953b117c,SP-1001
bad012829cf773bc7108a69e989c251ab70a87ae0e8da6b659e44ee06b54929f,SP-1001
3a39e09fa3269703200fc3c9c3c0e76f4a18cdd50d4fc7688bc70df3f04fe4a0,SP-1001
036bbb6e12a3900ae69f8cb202e5ac60cae4dc97b7b70409e6000381781f91b0,SP-1001
778f4eaedca1fa68c05107815f821d13db332696a8aa0d0519c42709e401d4a7,SP-1001
0bb8edc21c89724367ef7019919a2173bea645dc8b2a9129109dd1d6de5e36e3,SP-1001
449cc944d9634ec112bc2185f9df4ce65b3fd6bcc565f8596af76c3ff734095f,SP-1001
0874eb97ad24768eeb898a6f3f3d512654d149849db3af3d7583f93d586f9c1e,SP-1001
218358f6a5f81a04fda606e5d07ffcb6bb7f4d497cbb2d0d0062e9df495dcdbb,SP-1001
593a3ac1b3f38f9307ac390051945beeb844692fa54d9c5457d47fe7f7678853,SP-1001
143813597a8c41cde16107fe6a0f1e306613239635745dc9dcd2b8a3093d95cf,SP-1001
ca770b92e6f0878754ff504a55485cb7569afe249f4b5d74dc28f2ef14aa5636,SP-1001
58e6f98abda9381b4a0c7d2ec04a1f15430d9a1779c306d6323fa598d0816a4b,SP-1001
2c518d55e00bfd33a6952e8a03604da1b8ff839ff0d0af973258edb97954b0d0,SP-1001
0c6b0ed777909e2e7def4b70c0d907f65d9599a009102d392fe7a2fd83ad6e40,SP-1001
f818ccc78879f88890b515419b55a0f1ba7eb6c0c6cfdf2113f7b662ca4767ef,SP-1001
902fd1b651a1cadc55a66a530f83da4dd6ebf8849e04bf63a7bfd3ff55195297,SP-1001
ba95b80633c96fe766cc4820085776381977a8e9acf59fc191a770c2ccb8ad56,SP-1001
735dbb45b421091501bf2ce1fad009128bcff07e76598077a0db5a1539220588,SP-1001
35cc68ba0bb3d68731cd942d68c85d8e818399e01cf34db96c696a471f2f5a6c,SP-1001
943e3dcb266d5663d8fc15b4a916d95dc37296fd986319d6b175ca9733a2626d,SP-1001
b12b9754ddd2f431d56df9280d3de1d8183ad75aaf7db6e0f9f707699967e8b5,SP-1001
0568b3c3c98ec70569c8f0af68f52ed662343fde6d3c3e4f77460851e1d714ea,SP-1001
a8d2139dcf38ac992fece8ced854151e1878d83fb3c86d4a372a42ed676648c2,SP-1001
b6ab009e658b113902d4f2dfb62f9deabecfccf390b3fb260bd11a829d5aa3d5,SP-1001
5c340e0ce544bdb2f7bc560ee7a8fe567e3cf5943dd4760b5e1c29aef1a172f5,SP-1001
7e8ac13585f03dd62bc21b9317b716a17547400122037c09678fb5edf056abf6,SP-1001
094e93f6ef0a7b1d4b0987109f802d5be8876428702cee86c8c538e14de7996a,SP-1001
7ef0b76966682d2936b5cb59ecd238460d72bb7e30c177e2b88a005954ce04e6,SP-1001
ecccca791a1b11e46573f10e6e3a87053ebac5bd6e479ac8ab3356d10e11518a,SP-1001
26201182ca86b039112402f32acc3b2f2a88bf248ac5fc8e629f4aa7506da25e,SP-1001
9279edd26a97cd65aacbb9d60c6f4fe9d9b461a0c84cd997dac00fb935801a06,SP-1001
67c77eb607ed87cb778401306b23cc64c02d06fda05aa5266cb8a99df6db2f35,SP-1001
ffb14cf9cc3b9d75f3905b84457954bda4b2088400bfa5210f24af038cc67411,SP-1001
77fb4cdc2a7fba027887aca5bc4e13a3691ec4746a7adf42ccab5039c37cfd59,SP-1001
a5575368c9177de2792f63ca0cc5a89aa2c36b9ca781503e3d75c7448ca6a453,SP-1001
6f74a719907624e96a612e8b931eb5beeb0289806b5d11b122b7d656b62a60e5,SP-1001
4968a892c524c07fe57721d59b6f04c1b150f8b082936c8cdaec4ee5b97e2a12,SP-1001
401d18f641919c7fe8eeda3c507a32bb83de57db9b84f8744710ec2a4e432d41,SP-1001
42140b2a18fc4862e4fbfb0aa0c5b6b7eb7f3cffe9f466acec0d942ec0caeefd,SP-1001
9aaa463c222ace9c7ecc8e4efb8530e8974e0c0f18e6c6bdf12a503b01d11a3d,SP-1001
79464a8d99b1a3e2073c52d96919d64d65df0e15ae3e217891712789b2174726,SP-1001
b3f405035719258173afa5b42acd96f744383bdc4f5f6f5ff9e6f690c8b66209,SP-1001
4cb99389a59c393a1410d649c4eeae59d46e2685424110f2949687983073b45b,SP-1001
5b533bf4315e9cc2781befc5928ed63169b628838923237058ad448143419716,SP-1001
edb7de4bc390af4f89d51998c04df8bbc97a119d9086094eb7fc0dbfae5bd8df,SP-1001
c141fcf6b40ce3a73a031976132dc167be82086d629b508b96ca7d2bd297574f,SP-1001
5c5e46a4270278a9e77672b79a8b385f860cf756f9b66db5160441fbeea1f858,SP-1001
ee163c7dbe067c9412e816dd1e9ed0a3009245901738e25c3cb919c7c5a10e52,SP-1001
35a9c16fef46a2a140369ec66a504351170674609b97c15909331a5fcb544373,SP-1001
f73e82eb4ec4388e5cda8578696b24f58c4fabb83a88955f8129ba87f17ef999,SP-1001
1705c906ffe3f5f1da76b45235b99af0e3f67d5744b3a5a4ad7bcfe6935a9240,SP-1001
4ffba105e5c588e7afa7fe260ba3cce4b643bd33e5db407782cc863164f6e6e8,SP-1001
c6586179ea05b06327afde95fffe992c9d3ab88a96b1172f2365dde5cfc3ed42,SP-1001
c9b72820efd754985eca15c17205305ea26533d1b7a0d5c488f687854d653f2e,SP-1001
2b5ecb56f07ed480687187587435521f433977fa68604d3a37907b5b1a1b87ac,SP-1001
5f9916b7989eaaa93e5162f8e1c2a4a3f1c8ff6f81400707c1250095fae6fe71,SP-1001
4451c9ae0c15e44bb36899c47c4724af58755ca91d1167cc25e4eba72b01616a,SP-1001
8c954c40f9aa61c4a53e7764c4b7bcc689922759bbec7e575e0ecd6192d76d05,SP-1001
1e8bce463940d8795bd65cfa6a0adb5544d430fa606881972ac9bbf8197d1c2f,SP-1001
059600dcb7d96c094068e52793b942a19de00a673f02a6daf5cfc89f8d4e3595,SP-1001
f7ca9b0a47b7ccd9d7a876534ce02425b32a6329d0dc9d236af0cec34ce5323b,SP-1001
96890419770648d687c75a0df976a00ea9b1a953845d7c404bc2cf391387182a,SP-1001
6e47e7a253971d9dc8a9980aabb107ba0f8fc087af293bda4fd296e5c8264bd2,SP-1001
402676dfd1b7e6cf5cda22af000ddd8f0c2549c0aa88ef387c01ecb0a418e8a9,SP-1001
cd7cf6aee1381eef90467e3a5fe9e9420520a49aae12776a055fcc751dae583d,SP-1001
3247190f73cb22d37e1ce99673ecf0b674acfbb588332fdde62cfd5b692d99bd,SP-1001
2e168482c37d324398bbd484f0df803d8d3b730e821b20150287c402d194005b,SP-1001
ad7a649a8c042903fd8bc0ab43e29ef05f1647b77ee42765cbcf51ef21627125,SP-1001
95d8796ceb265e89eb0044287a30c2c7e3c4a78f0b03b6d79c7780a70e21ce64,SP-1001
04d9bdd73bb3da8132a19c64ee2440246bb8de608eca7fb847dc579d51f04adb,SP-1001
8e29fc32760fc33110b7a683e8359caeb6f7ae43ed7213c02567e16d0778f2f4,SP-1001
1a3e9c20bf0b4ffad33a24f396a67763c37b46b0783c36605fac0caf262d95a4,SP-1001
8e1c482b11f793bd62bba8fcc6ef46e5f2b1034b0c54d6e9ddbcc28b8dd1c1fa,SP-1001
4b2099fba056b48cc3e66bfeb25dbb0ac2db6c08e301ce67e222dcf991d85982,SP-1001
7ea2b7f69b47a5c454c571c03020f7e1a8efaa262baabcd36a29e21486327e4c,SP-1001
a4add3157765b6f643701670bc563940f9fa394bca40ea6bdfef5f8cddda7120,SP-1001
fc63e24da442705605c629899414444c32849d7d5e60dca8602344a33be9895d,SP-1001
f535b15ae23bdafc17404df4109c4c3f5c567d0ed11f118e84d840b9c3fcf41e,SP-1001
77f868ac02de300e1633ef789468cf6506b6b2291604fbaa32667930bcbfcaef,SP-1001
3bb9d7d35e5df45a3c4e76736d3746acefd61a6c9a0e5511c96beb9d2081ad5f,SP-1001
c4630e65a91cee01cb16c175830e983759a4b838714d14c0340b2615c977757e,SP-1001
919712f0e17849d48c369bd5d86b1d2e0fb31c9fd4ffbb3bd94ce41e3eb3b158,SP-1001
8349d4338defb3a1a0b8dd7ec02998f30d697f9402fad32c8ec61974dce9bdb8,SP-1001
40432071616792728eeb0ae9902ca2f6bbafd3ecda5e6448c2d3410c35c430f0,SP-1001
4f15afccb547e33c4e805b5a612f1b77b2e4f32ce159fb9a7e944c4f901f7f84,SP-1001
cd2052adde1017e3a57a44f4c9010198733930fa967f752cf2e0e3d69c12bd08,SP-1001
58704e7787e0a84729e1592ace9cc2ceb9d552f221430c6abb8d500fdfeb22e7,SP-1001
b99a206a7543542a1443f72a78a20a224095bc57631f4847e96f80ff0ff9b329,SP-1001
20571e5601fcc3a8b8673d0d46e92e029ed8ca0380e0fea78a62b94187f090e4,SP-1001
043bf9f5f1892b2885ddc518d1c394203d9461fb6d361a74a4a2e89a407d9154,SP-1001
f09b6dfc8eebfaf61ead2019e20c0f0e189f9fa142c5ed8ec3409938a3cd0499,SP-1001
1210811c182a34a44b96e6068ed150a35650d85fdd4b1e2b32562f9d44043730,SP-1001
6fb51195d492112b09b45ef10ca69cdc80920c5fc32b2da55226fdbb07aee3ca,SP-1001
5e17e94acfe3ae9b8b30b97364c1df9fa7b406ae6d7482d446ce10c08c30afe7,SP-1001
1e7c8492c2657232aca728277492274fcc2f3738eeaac530349389f9075f6c60,SP-1001
16693fe601671f046c64827fa664dd4e28df2f59ab21cd2384cad7a24bb7e989,SP-1001
9d498ffdffd2ed294609d4e3321bc536c0ed97e5c6912d2aeb4163115de62776,SP-1001
65c6c35f25dcc5611d2859672570a8f6f00e4efe42a898c2ff1b121cd78d06d2,SP-1001
c8b180bb280b3992d38260a18badba0fecdd41c4e8d9d07a7b1d0f5ab24d2782,SP-1001
18d9d502d16ebc6b2588dbe08d28efa434fe579b5f0a881db0a2a2a42b128f4c,SP-1001
7f50e51a7c4bc2e0df3a781f43267def3bf9bbc07f705d2ab6862cef8e3e08d9,SP-1001
a3adf1dd843c9c2089595e8e7e42c71ee1b847cd17c428fd0cab855f755c2232,SP-1001
0b904ef3b3651d479310d1276f2f99b22ea15d63ee0ff0a47962cea5994c88f7,SP-1001
10e772c88cf0b58d1533a52540d9e831c91b248fabf8e90bd0abca89b4e34756,SP-1001
7c4ed964516636d9e84ecd1e670f799759de60d87b586708300754fa31b55516,SP-1001
3830184182cd32c45549532baf7dbc6f7debbbb5e0e081ce763251ebbb7bcd1a,SP-1001
740f4f7d94e0b0a418e8ddd0bad531c89b2437a6e624facc3320cfa75d24633d,SP-1001
9225e5bc7e80830c25f6862226451277d442f0ad8a0a2d73ec9df9b0de188818,SP-1001
6be4c43ab265ff06dd02eb93fa3d36325827989c24cda4cd83c0e513c409feda,SP-1001
7341cc366d1162a970465bf54ea48bef0dca342618f6ac2d0c5595f64ee90921,SP-1001
2472000e484d8eee480a071f1e20da2497aec75203255de58e97572af4f780fc,SP-1001
0238c506f025bd327642665e8df2b30df92a0b6de641f6eaef327c5eb654d653,SP-1001
6f308cefcc916d708dd82caf63d61747a6f1d9897eb248249efcd412a1b4e6ce,SP-1001
58f4942a756569560f4a9cdf3474c3f0a1ee47281ebdbd0db6acf49860638308,SP-1001
f7b7b745b46d2467c59bea79ab81fdda6fa2524ff9890efcc8cb35467b9a7bd2,SP-1001
c40be7084ffe0a0dff7d7bf40f4cd14ae5b435c3682071db532d8dc13463d21f,SP-1001
03937f4b776a15851b80350a6248dd44153d5b863aedb90d0df6bc7846c63642,SP-1001
d2f842e541b279e6db9a57d62307ada0f40d81bef070cc54a6593677632e46b9,SP-1001
902c539e81856ff67bd7880b57404ed9635d052f442e11925e882e83fabccd9b,SP-1001
94822261da919e27bc0d4e50d4b67708d972cb1c182a9c3b93a52ff874bb0eb0,SP-1001
589ebca562ba2acf926b878addaa4db37175da47cec2e1496a21166d83fe3725,SP-1001
cfb4a38f1d1f258d9dd50f31edc457e0cc238193151aa1b25838173cf8f4e08d,SP-1001
9b5bbc02bfe5730b154703d448fdbc31da348592064184c850f021ecfc994a89,SP-1001
68ab6707839110482d7d188e56872a32fbaa7d6367eb2095d294f6d5a5da8e9f,SP-1001
d114b34558ed3489714004ad81c0d31c9a16ce88ce4c3604456628b8c48b6268,SP-1001
df15e0b94bba649ddf6e063449f9784cf40fc0911fa7a33f8c2e27de7d7a813b,SP-1001
8f23f1962ad3e08990f308fe098bd1dc9d62001a50b9449dffa228e59b66d9ef,SP-1001
546af812c7f5466b878641de969511b6cc2e20c81a255156554857fa6ee04581,SP-1001
19a874ec6c33045986312004b8a50cfbec7e9d192dae7f001bed152115e203d7,SP-1001
4910756db6846794a5fabe007f28ebf71fe3750b1ef68cf55a6846bcfaaf2624,SP-1001
e178810015c2ffa84c55773e02295995bc3580ef1c0840d4c26bac08f25b964d,SP-1001
81fcc3eea6c7da08f4ed048fa40e3f28eba941cfff9ad51300237cdc84629ad2,SP-1001
eaa75bca5944b48fdcbac8eeb55381c3705abec45e55675f1d25d12b48cb2a95,SP-1001
3631161a187af2456a3ab4b7c3334f47d347833bed45d85b75c0b675fc1c7a8e,SP-1001
0e6e757aa51a0319f9f774ba41de530ddde42892db2eed05f66cdd8241876432,SP-1001
1c966fdc7158fe66dee688bc89c784010e517f0927b64238e6ab39f7a2951918,SP-1001
3f32afd99ba19e27d44e20adc4040c22fdbe940651eeaecee449bcb15bb48aa2,SP-1001
da674579f7d200d3c0aaa3df781e847c667c1f08b68fb229495728d9bd0bf8f0,SP-1001
cf97e725c40f87f882ff2b4e635fcc02a0d4b264a495d637c7b99bb8a8d3d3f5,SP-1001
50bcf6eed30cc6e395ddff9db940e694a4531b398a03959f7536e05b2aa7b2c5,SP-1001
c17681cdd27604d9b36acbdb11eeab43bac3002684fa6b861aa496e660865685,SP-1001
477ff885afa34b342d11a83a915dea4918edfd090be1e0ad06f7ea7744b5a47e,SP-1001
216db1434ad7b700214c0ade40c16438ae86829a612b773aff377510df90cffb,SP-1001
7bdc8a1fffa4dab69c0f3f2d7e0a15d714542e16b13c4d32f36ef71c404fd240,SP-1001
a48cc1079c3a2c40361188deef4c06c37295be91f88381cd159bd0c61ed40d02,SP-1001
5ad3a13b8d224e4b3dcd061dfe37ecb4a88f1ac8cbdb3f7887081db697baf3f8,SP-1001
fd14318884a615124e8f542dfd8a1ea6401d084d2716d4dc39dea5842a21bad6,SP-1001
21cf03b60a41a6fa2041908b281d3591574e82d104c6a54fa451ff9ab9fedb93,SP-1001
6c33c2eb8ef0a12a31ea4ab0f9809f0b3e2e3ccd4bd340dc5c34ca8e1537fee0,SP-1001
eb3e3eb9be57089e53d4192d7137d3af2ebceb676ad8fff0fe844111469762e7,SP-1001
fcf330ce0cf5ec9dda8d8c6b2795a06f5fe69199b91c00d0b48dba4e5cb28df8,SP-1001
15f1804a1561ad2067b2aa049d5f557f741611c355b23095e61f51d4209a15eb,SP-1001
45832e1f24d66e492922d9157afcdb3e84316a2cfc12ab7d31efe50d431a4264,SP-1001
acf3732bfaed36ddd53863774e8f64ec50bd3871f2f306cdab28ef07906b9fae,SP-1001
0e5fa4a2482c4f18e21c28d54d8d16fd977912470e176c125d156a46340eb78c,SP-1001
552017c40c084e7de6b6f7e7cea4be2955c56ade0f3af1a7117ac161055781c8,SP-1001
69396a1be016a036d7740cd7a05ca9e5005330f1bd78ac7a6dac19a19505f35e,SP-1001
dffcc9f941314fc1e10eb6dfd06bfe4a87483e5c294d70285a75ccc27b5046fc,SP-1001
3bbd7ab4550eb30b8bce72c2431d86cb53074cf5608ece2dbce89979132c4013,SP-1001
d2d686bae441e3f9445c31e648dabd1b3c1cf6df0ec02142b9286551aa2ba3a6,SP-1001
274ea65142c470e115314ee0b322238dbd7af3114f7d3d98cac0c1955315b5fe,SP-1001
2359000f7a6f246fc34ab8e2979d3d9c206e8cda3b4891ab57d7392bbf4083b9,SP-1001
ee3e3188ee883e33054ce243d320b98ff7c43847cfb2ea895992f91b75166e0e,SP-1001
073895ac045c4bad19a2325ee2953e4daee05b2e60782d79c916e6c0e81681ba,SP-1001
1ed3822d98522c8282a2a706a7f95344b320391d5b28a3551ac23b25ed51cd90,SP-1001
4d4b199fdddcfa4bfc0b61f5a9115bd637e3c42b73318d289783f8398d5bd57d,SP-1001
d83ca31dd194d7514a7d008c3c2327d0fa33cf317666d6d7458e7f265a10accc,SP-1001
8d96eee3dcecaa1b18a32599f7ae4beeecb331352a551c955b482982cf9ff073,SP-1001
1c6aae9d19a2a7af4d28f3b5da6447f03b6e516a562a707581912107a021d42f,SP-1001
1d9c78b72da1d7deab5d4b8b0a42f692f6649cffed3704298ef7ecec24ba6c46,SP-1001
22dbb7847b75cfa7cb523e2b982ffc6951e4629f5707b709fe54d924f41b7129,SP-1001
33c6f6d083d30310c65a7b0480ef555a36c9880b7fcea9eabc125635dc3102e4,SP-1001
6028611cbcad182efe0b6a8064fa32605bdc0bb33877b0c13383110702ec8c42,SP-1001
b15379a8416a2c57db28fb01f7afcafa6bf4e4f18c3fcb51137541a4f547f59c,SP-1001
40aaef4594b8939c589d223fbf4d4464651db7463df845b521498dccf5296ff0,SP-1001
9393e04121d4a55bd5f0a26d043e4852e12d1b26e5cc2380e662cff59a867c39,SP-1001
43099346b613fc271926e5d7342fe2e176dbe195c5006e9f7f0055ea576abb78,SP-1001
849a47c08c989516b289fce0ac4c3e266eacb253ec8e28fc82933daaf7234bc9,SP-1001
b08abd3cf93c2b04b77f3275d1c9b6e8646827109cef36ef38020426dd0fb1fc,SP-1001
c4bb3a5f6801ebebcc1f2b14e1751ceb8188023bea5a745e49d804c0c6a579b3,SP-1001
293a5f3a402dbcbb82e895632ae297ab139d90c9d02e92d305912d4774227f7d,SP-1001
a4c5432177de6039b72fb3aae450ccbddc6ac4b8a8fff9c8fe2dcf850ce246f1,SP-1001
fb72c60a52e111932b7811daf069f4b749401c174d3c0049c713aec684b3bdea,SP-1001
8d1fdc036354fb59a853a0d0356d60f87fa5cf38cd16fd980b243eefdc5f0bde,SP-1001
e0b183e8d702b2128acf96680f2cc72c3262fb9add4eb96534c69cd104684203,SP-1001
7cbec0d051f6bcb03ae24d26cfdfa621a74b2c60510107b0febaefc605672ff8,SP-1001
e5e4991e0344180f3500f928ffbac0239595737ad99433a9e06c0df951adef7a,SP-1001
1af5d581ca918d6b090cb683bacda5c7d34d831284d7c7659cc1c73e499efdbf,SP-1001
3214d88362f2dd94f1c625f4b130eb5a304bea818e846bdf0d5bfbe30b66dad9,SP-1001
24ff040ad32eb8c751a6f87c29f44d53443a818f2c9a572cadd076838a9c9c7e,SP-1001
16487cbbb7c617988f5e457bd589ca2e290685834e23e34669c025a32796c11d,SP-1001
2f84aa85c4dd8b5757d369c7e8064d8686ddefc66f37e76a8dd76b3063864140,SP-1001
78b55c518aefd56958d937c603515969394cfb5a3cbd15d4d7f1a8557a04d35e,SP-1001
5b53941a0b1847ec29a6e78aef2091aecbe32c42db7f166031a2125098ab5873,SP-1001
8f52355af6b9c3b189c00eb784c83984790d0da806925bf3b20fc20b975fe3f1,SP-1001
e92d34b222beeba4960a4810c13b8726c6730e591df77ed9e2e68a5714bb0456,SP-1001
54e1704ab759fe652e4548e954c6b283b2ace37c7b0ae3c66fa4ac5d743cba13,SP-1001
114946c6829d9092c3e082100a49f924cb322faf7fb3e5b39cd374aa86f8b2a3,SP-1001
0156835bae60a6b520ae7478b0af4f9e17aeae49287c8066d9382641d54438d2,SP-1001
5ff3b2d9f2a781a335222fbfcba44da33bf4799d505c89d2f1dc752ebf548fe5,SP-1001
adb9446e02516e2f758ab5641784ac6c7ca1efe8513fb4c385e26c16756054d7,SP-1001
004bcf0019977fb9e5060790946947b95f889547165dcd188b773a6672cc80f2,SP-1001
8c6665dd7d3a86ff948df0e50af272a4ee675fba7b6db442c05a6d22a9f9b0b4,SP-1001
41760091e030a2b5fa82696b1c6b7ba76e6188cc1bd5ba6b5d943628b7c7a947,SP-1001
b36edb945e136c50beb42f35499dacac639e301d32761646213a0a62ba8ffa58,SP-1001
4bb7ab4a3403fce0c5e94cc0a7a93d3f2d5eb9ca92a0d6dd73ee4a791f91207f,SP-1001
e71745a7e636c13fd8b13724470fc792f2517519d6cbd78f752923fbc0930b7c,SP-1001
9c75e03a2c1e514a0a2d0c47be94bbd6ca4a8e1a61a6a584b9fdb205b8246a68,SP-1001
f42d74ddcf4d19c346179680dbd1d76e69657acc11ea368f2cee67f83ce8a3ff,SP-1001
276767680aed5a869992206330434c8fe79817c25e0e29fb450354e9b2ee3b2a,SP-1001
db661a1638c272c0959617380a538aa08b2eb85ecaa121dd333f1537c7d0de68,SP-1001
5743c215bcfe203d9201493fd14288d2bf572971f834b9f9bffb12683e6da3d9,SP-1001
648fdce79aad5c9dc840bef63ec80a90b2c520b958cf5603e7d0f1eb00af5370,SP-1001
c30fdba217511f8aa6ba0cc74bd655ea3fcb4ce4a667472a98bf26c6c4a62360,SP-1001
745d0ff4a7aacbcb8b0ae5da596053bae0c92a5b46076a11e73fa7091ac84987,SP-1001
f27f2fb8b22ceca9349103d4611b59a3444a16c5e2f64311d19f9f94e74b95bc,SP-1001
757df264e9e6bb7d4315237c366e026612ece5661adee72ed1083b5ac7fbb669,SP-1001
a5adeabf5d6a071ff2e3ae0f7add1775501ba42941bf79486ed136ac154a0d36,SP-1001
93602415bcd801354c2ea64d24cdfe6086491b901f78c64080406a411d98431e,SP-1001
3c3dc3ecdad2f0ae73d6dcbb26030c53954df2f18f79fbc1e5405263162a4aa7,SP-1001
322c8f95ac2eeab8ccd053612451ed181139206bba99fb4863c96885fdaa638d,SP-1001
b8cf9a9ce55918dd3ea39490afee7b682e495628e295da7f28c0a3fbfd2abfcd,SP-1001
8c424dc94d0ea05275100fb98ed37d6f348613cd0aa156a14a2d33059f8e13ec,SP-1001
99ef5c13e8676708178dcf15c90ca133a3cb6f621e2756f62451fa72aa9ebca0,SP-1001
4adbb015a934c2bec55de2eb78e91619b22b0c519417789526d21c1d49427fa4,SP-1001
ee80ba69fdcebacffe0006239ce802ed3bff44cab4d5b0d0b5be6d3325d911d3,SP-1001
86e79301407395a5b1f3f51be5cfcdbd926ec46eb03635ca392db6cbb7e1e5e2,SP-1001
f6b2cb04d0552c677cf8a7aaf75a4b499c285037808c1d324324013ae2d685db,SP-1001
fbda2010c6aaecf5dff283daaa7e6435dfbd6b4157f0bf3a2c3713f2ad3fb325,SP-1001
bdf9390824818d8166124fbc9b35b6c71a1de3fbf8bd1a1b72d1bb3a788b0d3a,SP-1001
b07ee49bfbdd3e23f703eee950db97215dd62b153fdaa2b960f1fbb8228a343c,SP-1001
c3d2b507a621cca326ff049b0c833c21517a219fe30b9967a5043a8fe1574fc7,SP-1001
94de63fb3c55b9c97363fe683d2e94fee531878fd372f57d68e7ff5b10369794,SP-1001
d13e9a53475327c725b78c1f23037641a3e1373c5a29f6945a700150701013b8,SP-1001
f6e96944cd7508f18cf01b08b38efd21b1dc1fa049af4e1eb59ff4236a0dbf72,SP-1001
8bf7671818c3a33c297f943e94a038c0335da24eec4f8e919b20582fd7ed82ce,SP-1001
d3b766d7a5af91ab0707e1b64b26c2e44e108771072fa904fe332bdf6a7ddef8,SP-1001
1c43a862dcbeb33c0580f846474bb3a09d26081930a685d0ff1b70ed64e7f57c,SP-1001
76eec39d0da161e1a9f142b0a65d2a1c5438c166280af51127da676a5ff537e7,SP-1001
32d7daa84cc7e4eeaf4f8e627c1c7a7ad7cfcb2c6b55de3eaeddc320f1df16ac,SP-1001
5d9058e8acdb3d3f5d5daa4217f0f41c3eb5f6dd1913cc8209e27cd31bc098b1,SP-1001
92e3173cffe2ca5dbeb2d0fc7665c13e927dde791967298041c7bde32c5a0bf0,SP-1001
92dbc3deb761def7d5ae80db5c74131ee11d2277154bee7184a5087c9f5d07f8,SP-1001
97a5fda3e560723caa9d163d66d7e07ed823c25f16e774b8d3df5b4b0460f2e4,SP-1001
fa309ae54554d06d960dbbeaf0a034670a6ea5a4e69f035954d7a1d77bb40f84,SP-1001
522c78a83676f0e66dd46aacf35f60b855d755bbca09597ab4f5fbdbde23af00,SP-1001
fed8a6155b2092fb87843d16111d5f0077f10e12df12dac491ca03e9e3f04a4a,SP-1001
455eb78a151fa47e0802ab13bb34b22ed3c2c60e8762f0366abfa098a6379e45,SP-1001
7def1905cc69c76a0f6192d5059a252b7467c950d63a3c0b3bfda639fd04bf37,SP-1001
400ca21983f1ec37ecd767be4cc37d703710342d9006cc1b8aa79812275063b2,SP-1001
d17770b047ac6e99720d27d2362fade44722a90dc689e9c6224d0b66c36dd115,SP-1001
c0683b60db8940d6f4a2e3466c27b680f75bf84a6225648d65b0d2748477ccb2,SP-1001
396ab3f025e9a7f45864be30649f29a1173dac84ded2e53f73b59dbea8854f27,SP-1001
664d112e9bd87cf71be004bc3ca2831d1bd1809b3ff63d283f1267f8a411b424,SP-1001
a0ca08349e4dde5ed14879b6c448028e67f3f0c23378f7488602fd7cf278992e,SP-1001
a53e71b997963fdaf850b764d1e78e80115e7b183eb3222e8135bd7bd10d45af,SP-1001
b22daf6395fc70045cdc9c917b62d348779c9d5f3f547e8fea4c92b25d4918b7,SP-1001
35d23cd0eb8de1892b6db4db62ed9397b1414703002f6efbd59aa6f08d60f3d6,SP-1001
76e3bd62cbb780da56e7999f8ede1f5d230aea44fc8cd5fbddee3c8ef749a08f,SP-1001
67496f2b064a15ffad71c2a7837908e08ec80a3dd33ee8d65273e21f055616ff,SP-1001
19a9d05a47aecaabfbc38a79d7c3445ecd37056224f4960771e0fdb7b7f66ba6,SP-1001
ec5109e74e848017b7d650d71858bc79961cf2460fff25c70d8373fa7d04a092,SP-1001
b7d4a4e96163325a23d4331113144ab0c8ef84a17cf1a38908f373080ce6747c,SP-1001
f876b665e37da921eea2986933161eeb06ed89501657c6e9d30f5b6afafabc40,SP-1001
173e7e63549dacdcdba204014ab2755d3393763a6d0ab780457bd1906398ed15,SP-1001
d8be534a302984324b343f765de9fa9ec0acd7837c7fcef5680568a1a73293ee,SP-1001
cae020f2ccb8204bf99a1cb03649cd829515b1b1f3e032dd6d09ef8967fb703b,SP-1001
720672e41f91b3dfc34202e7dfe5eb0aba0851a645dcb1c575ab7d5c8ea826f4,SP-1001
2bc6c83622b1549160d325141a716332ecf7b7721aa088b78f9aadaa388ce325,SP-1001
8c95188f88b166e559d978ef37f1ccad529c91f70ff9bf62bdcb58b4be3de5e7,SP-1001
e780002e281c1a1c05aa9739c3f323080e3453a7717f2429193e88f57aa87247,SP-1001
a1807513dd009e2dc6d9d0ceaf58eff95e4689add655d8bdbfeba1ab545aef7c,SP-1001
42cc45013136a4406d84ea93950df93966879bc59e9798badca3dc67e029d522,SP-1001
7c438485c4b4549af7a79af3f14b5bef28f953ede5eba13a74992b96d3b64303,SP-1001
436e4f199b1593a465803f48c815a5c553a946dc0c8393c76e553ae8b56c4538,SP-1001
7a1e9ff308b0e79a6e616aff0681a6b2362c70905898210291dc83c479ae985b,SP-1001
0bfdd5cb19fd60bced0b273781fef72eb94c4783b6dab429f24eaca6ee3a223a,SP-1001
9db2ecc57a29f3f4046a66a1dc2e59986119d78e240bd785a49321918e668037,SP-1001
cb18e87c9635176c84dc70dd1012caa7e504be344d82ff69ed58673116ee9a72,SP-1001
dd2aca9edb151adbb3f21d15a6a7d644bb2b8d60ad88e4cd647d3534f02d38d1,SP-1001
17e147e844fb803c160a5e67a51c7883f6da7b9759f43e99fcce6cfb535cd7f8,SP-1001
75e967ef757cfaac282289dcfebcf2dea8a23f51f4a506023d3e0553716ead1b,SP-1001
1502f7ef7c9df202d99ba62cc3ee4ba4f7cc34b7bf2dd5ec82a43af9f512578b,SP-1001
77d20ffe1b6f63d24f396d632900483828969621928e0b93125cbb0101f405df,SP-1001
bd1f6c422046b86f8d0aaa2837ecfa09d41c61fa0d126c80b116dad77fcc14e1,SP-1001
37af584b4d2bf96df8fb4af124c27b86457bdd1ecf24a642efbe75fc86ecc3aa,SP-1001
6786cccb93dcf068c30119acc9d0edd8f9bd7683ef94c6b39a3f12308c2346cd,SP-1001
a25f7a4237ea721ae12b3a08a738345a932dd9d977acafad29513d168a7a3796,SP-1001
95caba9418bc7aab5b917a841dc06f4396dd7dce0a8f6a760566a4f7e4052da3,SP-1001
3e213b6000620368e78e3370d78e135d3e561a9dc5bbae507ea183bbdbc65db5,SP-1001
1dc670ee7b0a12c232d42e2b8e3f9f27df2088ecc299c999913b05f5d985a90b,SP-1001
0de0163facce78034d261fc9bb6a501c0c61a43c3b780a9b644b3d2eb4c6cb60,SP-1001
e58e41b2162d39cdc94435d1af3b4faad5eacfc290cac181eb2a220203a903db,SP-1001
bb1878267cbb637db9d19113935fdce9a404610a25457161b962bb0533a1cc98,SP-1001
78b1f2a494069e35701c8164d555a08ca237c60318510e9a5473dff329679ad1,SP-1001
9b27b525489dead5498f4257dba1be0b5d512c017e8db025730a7a3ecf836fa1,SP-1001
012be1d731c9c1ac44aa0d08fe22e9e002f51954ced9b31e341a5296ed3c4d35,SP-1001
cc4c69efc00f7a86f9609e7e22e7d6b50d8f76b379536693e5605737d4f9ea14,SP-1001
2028eab34b1167df5bfa567bb27556ed2cc6870ef8770fb989a5012f21b75b1b,SP-1001
c2e42b4f74c2eb0a5a89399d18621dc0cfd0ba9a318f38f5b1c10def564ec833,SP-1001
a4432b1fcd05937e18b3346239f1939ec92b415a3723b0b3998dd9b161441a37,SP-1001
e5c5d8c46b2d8f960837fe05a3b082f7c204c8b3accb58aed1bc719089671f1c,SP-1001
80561b1b7a5baa212fddd6dfa75ba34035b205f1705cca72abb9d59169ffe266,SP-1001
282cdb024d0de1982d8f1f01213eae743e17004c01b14df63ca06b0cc245b9e1,SP-1001
adf6bca28b98a8b747dbb3845ff1e642933861e22fb5c71e2f5e56ceef796cf4,SP-1001
16ff0b42923642e34b2fd373ee531eca9b72584cc54865006b99bb4d07a2d13b,SP-1001
a7b8f41a2feea3d99a56be80433025d8feb52c5a8781d9a2b2d0611c6b72f5b5,SP-1001
587dde3d87a9f793579e64500df54b140e01ad89f30f97afb771fc8e3d6c6362,SP-1001
7082395e7465c18b6dd9d625700599270a144924db1fb754abb22703994815cf,SP-1001
2adb90d74e0abf4806704297efef1ab9396a0ce8b8861662be1ab311555fb8ec,SP-1001
b9c9d827162f2d792eb39e9fb1dcd031c5f43a36474d033cb944d8db8aa6056b,SP-1001
b7a9c4754c8b70b2789adba2c27dca34e0de4c77cf7bf92b8e740fc3579e277a,SP-1001
fea7780a9ecb8f146371b340c6e434604fb7aeddc206b07d14171da3e1c20ca0,SP-1001
ea440c08a5d0ee15c58739392bcad47d077143d8fd6f43df432797f2de423ce3,SP-1001
8c9a2785577910e7c936365448fc8be673eb190016a52a96f52eaf1aa00b4615,SP-1001
5e8f065609c269f55c76c6af25baf9e62b271b200dd717d6516836b978de795b,SP-1001
069d78890a04da522fefde0794f3b754a849be8ead6c798b6aeb63e71d7ffbd3,SP-1001
c8c489ec36e36a345ce8e3e5c9cb14edf700ad5e5c6ff670fa4a17cbe21ae426,SP-1001
1d4fe7fdf5054784e9d5eefa04de767204c4fdb656a55d920ab8c78cbe61b10a,SP-1001
ac361efe08862482c41cc7f7e51b3f32d7fa77b50fd94ef74c90a67ee0148666,SP-1001
f312cd0f2cc6bec8e2f3fd340d57e19b35ba6fab44b277c96581656072f813f6,SP-1001
2e738025c209e579a7c646b6b42f8dd3e6d8766ac175a5c6d456a9d14f743de7,SP-1001
7a3920d597971c19688eb7cee02f62e8a6d4f77c087df71105f01fadd63aab56,SP-1001
ace29f8c7bfa889179f0189c1c836731009203b68f12b8087eda051abe066975,SP-1001
57897699449cad92447c062271492895bb75bfe54b1ce1e3bb2dceb732dbf0c4,SP-1001
867f40ed039210f3c99476abce0370f5944b70f0e85c99a9db7f0a725a1870d3,SP-1001
c6f8203ef5b4e05a75bc2696eba81bdc42d5258d79e772eca78ca29fb93a9db8,SP-1001
b5f6f966ace2e0c105ec6154a33550884b7d760c1ab316e210ca59233018c850,SP-1001
7aae965972dacd13200ae6e5ae6a48ca6764858a3aa96147ba349295d238851b,SP-1001
be375211e3c9744c0e3c534427994dfc3c1c081467d9cc31af6b30f48ce00ca7,SP-1001
f614f28a309bf70ab63476ed9709cb16050fd2495aeefe603a54b83bf2c78dbc,SP-1001
65ee8bfde40b4c5dfe350b03a0f3ee378b589c081fd8763f99c855e1755161dc,SP-1001
cc82f987a8acc16c9ac7005535900f41b9c365b6dd1ccbf53ed1f3bd7501ca27,SP-1001
ced94a6cfd7a7e03ecd45cd480f7a8c2792c7a236c1054bbfb0d6b1699fdd2ad,SP-1001
092570bffdaeb3d867920ca788bc484502ba572cf55f38a1501f2d3cd9c1073c,SP-1001
ec349aa463e6df8a6fdc6721d735795ed1b3e749c4d55933b6b124715fb80b7f,SP-1001
14b048854c1ed9049223d1fd264c62bfa29373d50fc055b10a5bf46de2fc0801,SP-1001
4a2486591c43f824513f04fff4cd9f607b4d17b01e5cf1e5b1a8d8ded5878e46,SP-1001
8db0ee435c9eaf71f1b4e418479dcecb04cdfbd8da4aae197f1f713694f8f7a7,SP-1001
42e7295f247e90358b17505d67f8628ae446ae979cdae934db19087936819a10,SP-1001
7af6da47a05ab8e0f29973c59dfd229213112246492dceca10ff0dc8b3bc98c5,SP-1001
25b19bc26c5ea8010640dc592b1401c7c0a10b261c757c8cf175a34024cda952,SP-1001
c0187ac2adb973e371cda09d3d7aa46b95091da5fed5848232968fb1f93126f7,SP-1001
2bc350ffae2a5fc153279046c0dbb0e97d278d7c82e2a862479e9ed0cf478f50,SP-1001
96b185e3ec61d4806348c54ffcb1e9e4c3d5ae0491cddf48e7ea0f564705b237,SP-1001
e01962ae122ee2ae7ce28eefec5286ed7f84e146d5a45d7f50f4cbaf06734c94,SP-1001
17ffa0ab186be39c23ca0e942588fca281e4c44fd6ceea1da716e9a301c7086e,SP-1001
361f88191f1de401d29d4866bb5b11c9fa80477763fad825e31657f9da7ace82,SP-1001
cee661e10d4d12e4d15051839d3d32f5d680080e6b175f36cd69dbcadafc9b40,SP-1001
735423eaa1415b03d2914ca96cc698cda356bd54894139cd8124bbcd336b9742,SP-1001
a5056b734cc4f59bedd4f0cb61fb31b1e02ae2d08e9fc01497c4522106356a55,SP-1001
66be17ef85446c1c2efe683fbea8ea0f019b0edd56bdb4980f816ee029cac648,SP-1001
0d68700ff7dbbdb2e586df678d75af698747ee3dea5b6a1ef95fe88bdd694333,SP-1001
c6b7d0a1a0375d52284f465fd4f7c66d68cefa92b99735c6294608a6ed8e2851,SP-1001
30cabc032deb95f479f23619e5ce388b6b87ccb34c7bb9ac87b9d12d2c4658f2,SP-1001
97e925dbe99897212e4279e2c3361c15b75f5ff90c5b4f82469e539ad93bf7f4,SP-1001
772a811cf6f0c18c5d3e05fc1541f7b5e98fdae0fcafd7036a23e033f3808a89,SP-1001
12be5b9b224aa74133628d1d0ed73055efcb5ed210255f5511a39a74e326c048,SP-1001
609557fbaa7f54051cb6e5a4998f2444b796c164756b8d4423399c2561d7c435,SP-1001
853bf2c1fa0a97b9b88e592fe4e565d237b1970194ced6442236d8a917ebe032,SP-1001
97d05739009f518ba280665d6337a20d4374ab0e3fda6f2548172eb68a08b4b9,SP-1001
36a172dbb68e78b452d72b664879eef1cb0d396de66fee26e0f07cd9e096a37f,SP-1001
8712f4c5efc315a976b605c7df78a8df508b4119093a06c33f55ef1e1e574dd4,SP-1001
91240f8e28e49133534153855e996e788be4d5f67c40b4459cd5a778eda655d2,SP-1001
6b7f36353269e287ddb47a1bdc3f157c07df9bfa1228e29c8a317acdbf5c6831,SP-1001
c7c6a41f8d4d6b35265b7427957169256f30041fcd3d21f11ee0e6b06332eb32,SP-1001
be710c497b406be1d9fe24832a26e0839782981cb4a15617adf4314f831b8d4b,SP-1001
4daf2ffca18aebb8cd4fac99fed2e80048fbf6ec738e6b9ecb993cf55161b880,SP-1001
806a22ea03ed3702d838e9299cf79cca1ce465721e7dfa019d87c2dd5c30372f,SP-1001
06aa8b2dc02e2e250b0c2927d53cec4e8d558bee35c2b013e2556434af5a7dad,SP-1001
7c2bedb5d16ae3a10a6e07bf24180630d38041aede285003624d6332251eb205,SP-1001
c25b6f90b29ebb344767a37ff1c57213ce54b2218da1b0dcb40b66bf8271b8df,SP-1001
8de0c4f736142cfdf402f96daa1836cb10cb74f02b10429a6156336656b15178,SP-1001
8a69c73ea9b5aa199b611ef45d2caa3e747ed6e38e2cb021a2be78581c2c2cae,SP-1001
733e830073f30b75df328e0d851b9418e46925a0463d2e7d20d0141c77dbdcb7,SP-1001
f20cebd58c821900116e6516b47b78749ae48833a210381a83815810e29a8875,SP-1001
5e933787f9596a8a2af231cca263dbb96bc0c8d2a0ffad16ca59b26fc3e79a0d,SP-1001
0acda68cab80f49006801fc968b5fda35ae7b8ce9c6bac49949960560e9fae65,SP-1001
511763b7cde7de9267cfd1df9834d6e39f44d05fd831bf8a98406ca546cc91f3,SP-1001
326e3016cd0d4acafb3c8487003ec22b39475b82eb2aa2263415b024d2b1b348,SP-1001
0d23f729ff1f81baacac533e3a10938117814410437f716018fbb4330a92ad2b,SP-1001
736526336d1cfa17b7ea4dc298c3ee1dd4b29fccaf62d3c43c750d3e81734427,SP-1001
446d896d4acd5c8b0e05373bc930d463d89bbedd049eeef5cdc3b81b40b69906,SP-1001
bb0a2036806ce791a3201452a9b906f3d304475505c2e98ec2ea5461df4c8735,SP-1001
378f34dc11ea2eb056c506701fcfee80b812f233b072d2ae03d52d6725df5a12,SP-1001
d1dd2f06957c33587edbd9a6a24d4193bcecfadecd37471e23f2325d83594fd0,SP-1001
ea0ce9e55b81f5853685b98d0adb6590539dc4d71c7ed1a2703b8e6eb0b89422,SP-1001
9a9c594d9a612467c16118377514f7e9e11221b1950fe3693a4c5023c4d98d7e,SP-1001
7d4514ab4ba4b5eba101a69946dd1a3b28b0b7cbde326502837bc0cc3871f1f8,SP-1001
b1813e515dbc72a64081cfd46f0c4bcc240d4090c7bedfa8d00b1fd592b3ee58,SP-1001
e161a510ae70a9bbd5ea3f862f899f15911a504272d986aa26852380a85153d6,SP-1001
1e0100eba26e58502fa87181bc7a3726ad1b918fd8930affd7e171380b278d0d,SP-1001
43413f32468850213fb303024fa06b33ae197305d4f78c41dbe0d17a6f964bfd,SP-1001
7fd9f4ee76c33d26b2a03031ae1fcc431b4dd0871a109663b1fbb76649903fb7,SP-1001
166ebc49507bab187313f9b5ce892717536665504d9681cf89cd79db15cd3cf2,SP-1001
71303555b4ef42b093cb3f143275950435c4ac125797fbe49f323119b80c327c,SP-1001
bb70c30baf87b5266178fa436b4e10c4cfe7e6707eb1de3556e0a3cebc779462,SP-1001
c8422c826b37b6bdb03eff41283bccfe6aee99b30480d3df430c6681da0b8faf,SP-1001
9434b90bd8d65779b3551313fa8d127b2400ce9760aa855b3c62ee699cd9a9e1,SP-1001
3b77bb98b5f379047f06e181b4d6480f490e1c5faba91b83ecec01f165e34f36,SP-1001
28475b501876746dbbf6531f905b4ef9d8332227661f412e8562a115efe80caa,SP-1001
b0ab877f5ada3ca5e2da97e27d358217fd49ba2b64f8b52b7611a840aced7d8f,SP-1001
08cb176c56552d096b4aa280ba5c71b651c392dfcfa4c39de7b9f2c2a73a6b0e,SP-1001
fdca1deccf0d894eaf8f448ab8f215777628bc3012682daef7af2de118fbe051,SP-1001
9da0c1d536d40389f002d2d18e7069505c0d651a25fcd6d64e5d278d4025226c,SP-1001
fa740eb45e700729a1ada509469fb1912a1e5b336e52fbdec8bf28378373595c,SP-1001
49e4215da66dd3950d9a92c5a6aaaa370eea277584992085197c35d1e48399d2,SP-1001
f9ba18704a1b5ff79d6a75257de16f30da885e9f0216ad1998959b1223d205b1,SP-1001
3c9e80b49e8f0ae0656de4c0b14f2138a3bb77c1eeb46a49f736e22513d90479,SP-1001
6291591ada06a20e6df5c0d0da8dcbe65d31c39effd51c5ac85b778ffde2650c,SP-1001
ce1ebf3a2a0fd793c7a5aad7473e12b0d30cec8907ac0e2fcfb7664bd9811049,SP-1001
9ef584376e5aa31d83d18a4b4cd8ba03f4002c3076d44db29638cca8c59e92d5,SP-1001
ecf7c03eabc5cd18fdf9cce062af9160c308d69696786c9e66738eeacec0d116,SP-1001
dfb5e6347f161e151ea2f6dd3d1d6c2124ccab7b450369c8ff2e67dae81ab867,SP-1001
0efcbd26850f7cf69fc9ad77ee426f04f7d3f92bee992ce722770ebe52028b90,SP-1001
56328f8b4f14c0a46f22ab25f40049ccffd9dad37f1876906c0d49aacd8963ac,SP-1001
b36daa1393c65aa8ddc509bd0add070609f1b66040b4afa1e8b7f9748b05a694,SP-1001
984f65cbec8be5f432a6e322ffa809dd66d51877c34e674735e658e3b2e0e1a8,SP-1001
c3f92723181d4c56f39a8fd3c05b3d95809dfde15cf30df65bb2a0af71119980,SP-1001
1914307ee4412fab09e2ab782156fa0c185fc681ada8e02e89ad5e7f3096387b,SP-1001
4fb9e962be3f901566921222b45a144e1147ee200d55a82516d4bb28cb0e1a81,SP-1001
b2cfb48bf7b4d01e0e052870019b1755be596288e92156fd73722977ef55f157,SP-1001
c0a4613392b8f150773372e955c5677784a8d96924efde662f0de53dcd8e1fb8,SP-1001
43ce2728716d383599d3729b616a0bbb292e6cc9265f8d243979920bfad9012c,SP-1001
c0e0c498b02fc9b2d746b03c6c93711d2c47e44e3e8c9ab7eb5ea0643ad1a155,SP-1001
fc646ca315424b93231abc76db9f2d298475b3c46f77fe99d73c39c8928f4ccc,SP-1001
e2d1fe349ca663d30fef8346d3a0639e86b4fc7241b093b30212b22064d05315,SP-1001
ead9f5381461565d18630890eafa841f1ea27ac273c12d347fff1d2858f25115,SP-1001
d809fc55cdf63aa41d92d4872817b878cc932b5ccb2f6226f1ecc224dfbdd9a4,SP-1001
d6514f87950dc3379a50a71a47a93366963e005791b352072521977c703ff4d8,SP-1001
f7d8a407340276b63d925daf32a2d5368f03f84c830d8b9884f0763fc0becb38,SP-1001
53bb95560549e9b8425052baaa4e388ca67cf249cc27462a4c7024281a77191c,SP-1001
c4326c7c1236fb7f326c984fffbcf1cdfd8ca2f1257691f2fcf8683b8b5156df,SP-1001
67c22bd045252d638c365be0f0ab9938f58a1d40dd09ed1b3aa3979874667aab,SP-1001
3c6ec8f75e01705bf5966e645095cd8ecb7a9f67e2aeeeb11b78bd7796532264,SP-1001
2d9056a57f73e375699226d30be66bd67c74f102c74ff45558d5c99ff94ba391,SP-1001
7cf4012d5962d744020f4c2087a5443c6811e5a283a885b454c9092012883833,SP-1001
428aea3fdf035d3431215208eefda74a7a831572e187af937136add4cb2d5720,SP-1001
0b05487063adf7ea75dcdd9a94de060e77999f2c0d1c7f01573cd84f1877b6a5,SP-1001
9934e2d7476d11a948e5ccd872f9ff7fe9b3dc106ca19f33625fb63c7e7c0ed4,SP-1001
fbe8c12128ce6d008420e44970a400c48e68771d65eec82fefccd04b1b42e226,SP-1001
f8e7d18aad40a5b781504da09e668c2792f79fea20cc6ec28ca7ce07b0c76baf,SP-1001
50a17a342296ef18f381d6f20b0d6ff4303b48008e5f86e887b2db3c4a9f19af,SP-1001
0a46440bbf38ef0c006a5fc36a19a219fee293aa04a36cdd16bba1eda998c2ca,SP-1001
240a0b647cc80a118fabfeacab850f46fa818af4a6370de6912ccf55713793a4,SP-1001
5885e025398ac63303b0cb8813dbfe9b46ea86d96c62b47f10da56c6e6d8a2e2,SP-1001
db50c12fc1265239d76735bce17183233af562426d801da1c9c7ec8f218844d0,SP-1001
371d49c36b19bead0c1306bd0a57d9cc8fcd85f0c4ef7e83eab4e10f62c10bea,SP-1001
fc3341fc6d20d31426698b7ff4776c97af51af4b799f273a690b10febbc19cc5,SP-1001
7fb8f5040dac42d434439f773b709ed00ec630ea63213578c9e4213c32a67f0d,SP-1001
60331c58c3aaacabd1ae263378c7530a8eb858420c0fe209064c84879774a227,SP-1001
542b5375de4a5609b05f25dca49cedb9a3e4a209a7c1792fa7994750d35cf305,SP-1001
c9f1151e720c6585f6d039d7768df2642e4753984efe0a8a851126bd7b6998a5,SP-1001
efa9e78bae32026dbcc3d8c34000a1abbf616c97630a826fc740f6c160e9a87c,SP-1001
b33aa94bd0d9c2dcf427a1de98cfc63a7620215c59f93684ab7d86d9babd9a8f,SP-1001
e9d1b8f7c2ae7da4374cb443e9cb8b558feccf6ea35dbd6e7e710fe47e72d272,SP-1001
70ffe1e2dabe578ab6109393bb23b130298aa9b64a09f0c1d5e9c03509bbdf59,SP-1001
c66735ebb5f53bce15b8e3cf19d9a4e8914ea0d1f84a9fa9a68cfc2fd420d35c,SP-1001
9c94006ea3981a224b21f301ce41da714ba99eddb6fe25682201238c118343c8,SP-1001
8cdca47590bd06bdcdc61aa8a2df959df39926430e709164b5829bd6ecd87cba,SP-1001
15ce2101f60892fac01ce564a02e3ac889c03c3cd71db066302c402d925fa27a,SP-1001
624d5754fd1a5fdfa10e514d354a9a39e8bcd27ba5a62147c7119b9f59ccf27e,SP-1001
42e49d7369a922896cb6711172dee178e26e0d1295e76133a10538ab51e6acd3,SP-1001
8891d60aec61d4dacec45ee3019fb948a701a1cf7b5c8aba7b9b69a6e0e0167b,SP-1001
837df1ac84a3312e92c526a254919a8f629206d2418f3d376bdb6359141c3096,SP-1001
9d66e345d083ef073b1d93e2d6e36dc12ceb868f532f341b646a533a1336938b,SP-1001
4b9f90935cf887a9114a22ba99a243ae84aba430369d888bbaa7b99aa7a13782,SP-1001
ea201f49477e1908537a25ab760ccaa1845a593ff776d101a2fca916630dbe00,SP-1001
2480bdec264fd62328f97febd1806f55126575917a2c80fe3b4059578b963afb,SP-1001
c556f3b51afdc1e4c3197614bc246da1d833395e5f6bf35cbb5e9c78e398f7d9,SP-1001
f04f38af7f87df64c050bc212090040f366f99223afbca831d56ea49e1bbb2af,SP-1001
6cdb47bf4597633088f024419e39c569731cba2f3a054064335050b6de955290,SP-1001
3b15e118f073db99990169deeb03fddcdd9d9bd223e679381d5db6592c9ca6f4,SP-1001
a4da1b9b9a530a845501fc948aa6a658470b31044f44ddc5ad1b50e51628fb75,SP-1001
3e8a8f00e6d71177a6c51be6aab953622596b2d191b870eaf0053b808ad3ac62,SP-1001
dbf3296a1d15da61ee0b848dfe55d7586809cf809a0bea97b9d6cb35ce773b0c,SP-1001
066dcb7464533ed42085ae1d1e350ad4f4c09dc149a7de7f9580101f33f8aea2,SP-1001
9826e6dcd13ca8de6273b88be6ba202fab481e273b1f9779b81577996247f257,SP-1001
78344e7131051fdd778e841ec0b837470c15da16f18b8ed81551992ca733f113,SP-1001
9bcee637719ac9740769cbc294adb2073ae9534ccf889dd59792318d9ab97809,SP-1001
7657660e83fa7630580618b4cdf888130dc1cf83d5cfe6b3a057bf9c824dcdb3,SP-1001
6cfcbbff0c5baf45e368297a73322b62d0ca28b7f31fc10b6023b5ab9eba4b3b,SP-1001
d132423584018505ae5a70bca3881cffbb0f7ccf8cd9454f5891971fc55c7965,SP-1001
908882af1cf9dfbba11b0990d939686804d67bc509ffa98068fc2f256b3d767c,SP-1001
50df5fe47f9ab90a99e63e30d064882568cf44031b8aa6d93cd21a02b9039851,SP-1001
4b5a1d7f61ac055b3be5213c85981ca1de077e71ebfb25835d1322bc4eb7f367,SP-1001
3420b048993024673cec48d3c0c0bbc28d23bd9bb44f8d3c590f3d4b3d21e112,SP-1001
57b6472f7de726f814bbc4fc33e12733fbc445c92fb77d29176ef79367d2de6a,SP-1001
0e266bc19fa180da7580ada328f74c6210c0cfc3ecc3f2c2a9a58e9493f0bb8c,SP-1001
762cfb2315d7a278b2440b6b3d08639da0f4fe6beff59e42091468c22d0e4713,SP-1001
44079808c6691ec8b109466636c1cd940027110c35f816240adbdb46e046065a,SP-1001
c8cba48140c7b87ebc4bbb74fe315bd2e0361466876c87a13a5f303c96eee4b4,SP-1001
274993de0cf8650e74b73f2e5129cf103eedadd63cef106e5077e9f23c363d69,SP-1001
4f3231af39861a45b40f5f07e92fc2249101de254f9b6f04568f7e3f7353dec0,SP-1001
c1502071b37ddbb8f5eadb741049bbd18a5ebf7015d21337f9a4d2c9c58ae993,SP-1001
5a8e3f773f31656fb47640db4a7cf8735c0a173129416a30daf1c6cea8403002,SP-1001
30135f5983e5f51091671e5098833c821350cfee8e1f7225f32e1fb5cf8d1067,SP-1001
4127af877a1a299f78c7f5bb429c13b47e5956c464c3e8e8d92d639fdaef6210,SP-1001
4ed04d0c1c7155b7771155b7e5ec7dd3263e7bee880af702b4a2bb5452128518,SP-1001
fa83a90a777424e0e13cb39bb12c023c2926192ea3e15521902f5b8c01ccde83,SP-1001
63e3be35e78c7bf7faf0dca3de113d4e9b7f5bb4a2415adc247e36bac0bf3f7f,SP-1001
b6a8b8b4835c8c3614eea2aa43e59e4d4eaaf338e106194d264019499c446cb1,SP-1001
1700113023975045d0ae4e7a7f2087e118e6f544ba3dd7b299b409b7deba951e,SP-1001
65f44d2de2bd6af2255a47d81469436ed00b7a0a5019dc1b42a173c01b852d60,SP-1001
32f42a28238d43dc44dd2b4421e4f591ac39f55211d61bf61b4902aed76152a3,SP-1001
e90963aebbeb957c781b86c621b76daeac1c0f387fb456de63c47299358dc2cf,SP-1001
3a9443f087f7d558587e56eed455ced5a372b3633a3a1e29d1f3dae9026a90c7,SP-1001
92558885ab13878359a34f65b99fc606bb57eade24e33df06df8f5678ae62ca1,SP-1001
d0447e3209bca305f759d013037389d62701116fd5df6564ac1badc06910f638,SP-1001
3dd8345fbe4002bb787e9f2aed51b1ad89c1d6312399339af09277d31a76cd9d,SP-1001
d3b5a637343efd2280931baa73f8ab4b98a79fb0e3bf215c6edbd79cadfa8eb6,SP-1001
dc6cda02edd8380132314fe657d0bb0052323f83560aad1fe1878ef65860e222,SP-1001
ed443dc056445ef9349b6f214eed3340e91cee86736cce43455f43cf4ce594d8,SP-1001
1f15f388b1b43fcb7f765e42ac4e4c033745fb36f0c2ca6ed75502ba64e10963,SP-1001
380ee65ceed7cc9193b16bfa77bc28ce5a1ad1e05c3575c8224a9a5eda543110,SP-1001
0217517cb4a525dfcc874bcbc900ced31b60e7ff180e12338e6f23e7183c450b,SP-1001
7b8465bbb3aa56d2da39b4c6962b995ed290e7e9a03a9dcfdef91feaa6faa48e,SP-1001
00aecc2f0f73135e807586242ab946b6db75b639c7ef70afcae7b38b5ce2eea2,SP-1001
9b6225dceb6c7938e2062df954aeb7d7c5f3ae36b0606141715f4b41b2fae6fe,SP-1001
dacd90d9aa5b5c54611c2e3aed25ddabb6029541ae692a38c6ecc1e7749808da,SP-1001
32ee8851677eaec0cb3d8ccc51aad64beb334d2b5b6aa644285aa452f90b2807,SP-1001
4e665cee93dea6c7f4b01d6f2ce78b43b4a560161cbe4c456b2317c28900c71c,SP-1001
ddf9718ad6ea929308cd6207b32b5453618ce3bcc5ddb2757f5065c5e653933d,SP-1001
58b3b9fb690d77f4eaddf22fb952033d919dd6ed1dfb8d93216ccdd98c97aca4,SP-1001
ea1a0b6546183ee2dc18bb205318aa384d1186560fe38933e02e891a4a8f5d00,SP-1001
03a7279ea948a78a9e0206d3567deb4067da80afffdd9fe0e59109808985df95,SP-1001
391dbf452752d01c425cdc1f88177f5c520c79eb2ac4d8faaf37e19d63dba89a,SP-1001
95aa5f63cc684e5f6bfc5cb5c1db5adf54d9765431e6842b1b06a3de05653f90,SP-1001
23afce81c19e79b30614aeee713acb1b1761245954007de7d9b93db40f426489,SP-1001
89f516f1e28d8e7e592b9d75bea64640862980bf1b609e0c652fe583a74ce219,SP-1001
37c8c1e8ad9a7cdfe8b96f38358b60a7567d3c5a30a18fa1683e8f1d0b0e2bf7,SP-1001
94b33830f47900c1aed5f29f3a14ea031f4fbee1bc6e625fe8c3c085fe3d8fdb,SP-1001
37ad7e46a448f0f0bcfe0c1791ee789d637e04fcbf67800b162b4b387b046b99,SP-1001
ad70d7ce2265687c6926a88d938682ab2795494b9badc68c05cef8e97dba1e2c,SP-1001
f4395fa103e0653a09121377e40c86e165f538ee4e9cfe407e496e4f6a027be6,SP-1001
295f92e39d58e70da3e4325685f80d942c0fa35661e80a31ef5bcec0f3979116,SP-1001
fa0587bde54d8eff55316cdbe394c5691a80d83cd46e6730a42b319a6aa775ca,SP-1001
c4804314831866357433d6e3d8e2b608582d3322860b5bab222e0ada4f50f39f,SP-1001
9be4fb861ea628e40c507395d218a493146dc2a9db70f0d1e5a1fdb1544dced2,SP-1001
eabc3a47af1fdfffe86e87bb8c8bb307044647cad0f94f368aa1bf24dd327f0b,SP-1001
538a15d8a0189b218a9479af676354e107e8b79161f5ac562a2d98357cf3ed6c,SP-1001
a89bda6aaec23cba2fb646b4ca4b6796e4de61fff707084d0a36457709404882,SP-1001
24edeea7a206eddec664a8a821049840c1f3db7c212b6a274192be2835b35af5,SP-1001
912ecad65b4f65013460f120c0729877a3ac5abf9155163ed91b9c30ee60fb7c,SP-1001
299a1982b0f18f5f46b8e570ed3396ad77bc18bdcf4772fc928754be636837b6,SP-1001
6d2c2613e76856dfd11134c452e8cda431e526216314e2ba6c9f87710e8e282f,SP-1001
74a82b1b5faa9b4375e06424b7f5c0d324e2e897793655a15c86e7b0ed96d479,SP-1001
6a24a40bddc8ae65dc33e94f9d836f43a8860f53115945f6cf75ec3891c9e7d6,SP-1001
e09c813f64a9c165b33423df7eb2168e249c6db2f12be576e9bc788f0d3ce0ae,SP-1001
88e9c0ab80cbc71249a9e2df384ff50dea5f936253d8c49c9b10e58f0b2b35b3,SP-1001
7dd538abb3d7626da23b7894f398c8463631af302664b730af6fde9900f186bc,SP-1001
77339c55629fccc448790076d5bead11ce432c9e017801de31fc7079bf757d0c,SP-1001
fa2c83ce54a26ceac4005b95c3aefb3b30a2107eacf3d1f2d98f64c17e658b7c,SP-1001
aaaa1293c9a06c126d63ead5b18cc8c396284daaf0b2fe6511613fa339f8b4dd,SP-1001
1cd6f36b9fcd68334b59ec77b2a3bcf0a0bff81720429ab87d2dc337bfa15013,SP-1001
3b8457559632e49c381be703e60213dfad79464578509557808bb773e2957c5a,SP-1001
e3b38d75f529443cdd61c347398644a5d05ec00401764e46f9f05718669468ed,SP-1001
8b295b57d837674be453b2d6bbf36d4d87c2d026a5d96681b70b3794b6370c99,SP-1001
aa5af64540f47baa381cd5f0c3d37d8e21564a0a52fe55715bd088c3cc7b91aa,SP-1001
6e34403f7f2ac401b8ed69b41f616f0ae3a683ee8a2e7a17d107fbf811295c13,SP-1001
5951fc977fc342968d743719801b1e2020eac5b91eb8cb20e535c8ae1942d449,SP-1001
68aa7c9c0fdce5552e1633028c6b1c2206ca64e5ea8fb79533509acc9ca75bd6,SP-1001
1955dc46be3dfb47d1f8c83c0273436b9c083e4f8c9cc056ed99bfb3580025b5,SP-1001
1e622b3cedb2eaf98722611efa7f6e11a3ed3b6e3e680f5e55af0b2c959f932e,SP-1001
de02db4b31948c09f9293be24864cc6dcef7a0fac76837d75f0fb948959e40e8,SP-1001
62596da3d944cc01502d2c6690267f1eb73bfa9c2088951eba9126a12068aa6d,SP-1001
3cc3398516bc760a47828e7b157d8f9a5429683e8770e103175c909073e2b007,SP-1001
b8229e69553869b04c2c113aad9ad0c7a222daaf556b1c32c19c240e894adb43,SP-1001
da86bab0f6559c47050fd463b33b67b96ec43b84aa8ffdbdaad9e8650bd99fe8,SP-1001
3fc7e91ed71d4596766d771ebcec61a4f62a21dd174cd2d8bb5835d6c399f13c,SP-1001
a326e1c2449af8b365016f7b01d02add9bb728c3ef7012a4d171f9e7437c992c,SP-1001
0bb28ea0c8ea1273871d625d66f4b9069cb356093bd3b92583866b96db3c32d4,SP-1001
ffdde60043286a1aab40314fb395a560017f7322d229731099a1ab00eb2f86d1,SP-1001
63b5e5328651ecd357af709bf34d1e62e5edb66cab9cc2f29548f8fefac4d58b,SP-1001
2ed023525cae0103166b45af984a54c43380d4f24dab58140d7aa14e625b44ff,SP-1001
bfb21347b827a67b63189f79ac19a0b841f7d24c57650ce9db576fa6aa7789aa,SP-1001
74990d4d60684a8ee7afbacef94e23b8b1dce2e3c712d03640134e57fa116f72,SP-1001
dfee38e992f950b9a61584b4519df1e1a5d1a4ea71f844c23dae6de33b8ef9c1,SP-1001
ec5d78e27459fe4927d118df814a68b8723741dff3af46dfcc0fdc231a25d200,SP-1001
894d9e013c54ddae92ee5c0741ff1e7b77f3f314b10f501e87aa61cb71144a0a,SP-1001
bfbbbf9adf4e5cbdb69b896e1692495d73c1566b8a5e73060ce8f0c87104afee,SP-1001
1089ea2d4d83c2b307d5ae3bf803205a95e714902e486caf1d7a32d5e95ad592,SP-1001
2da86f293573fa05719bed366aa1ac3d66cb219a31406d0ce8f8554a799d567d,SP-1001
70405159303884eff4c4d16d0e1a7ad17da3b28cc612237599aa8d690e3e169c,SP-1001
6815cf078c69c5df58c87e47417a7651a118a83b53d6db73d67ef740d8f5619b,SP-1001
ef6cc87291970accd422de2dae229921b14260d21cc93565b5c478756e5355b2,SP-1001
530899b4bba2a22af3b4e4680bc29f7cf5e96653462d067bd0ad9a2cb87b61a5,SP-1001
bec16094038ffdc96bee0192955a7cea4f0712b27306cb4ce115add5a4dfd143,SP-1001
43828fbfd06baa4319bab586ea29a15680c07c66fb0dc5903d46512d338b0765,SP-1001
45cd4f2932ecf1895bb8f87123448dc2160dc08f5676d1341c4e22fbb0c8fb35,SP-1001
dc8a73ff5206658eed9aadff9ad63172b06aff5016ec37757c96dedf3b6b84b7,SP-1001
1b1e7f68a3521537f057f9baad4077985ff67523ee7fcbf66078c3e19e8d08b4,SP-1001
0cb6cf31c1810bc111a6d75cbef9e6a17ba1bea6e4c773672241f53ca88c99fe,SP-1001
a63900141a9f4c49c0903fa303dccfe74c9fb9676bc4a56511e08c5d02f57348,SP-1001
0026a2631f27fdb5496bbdf490201c14e2da1ab7e0668505bd6b239197c07e05,SP-1001
85a552cbaf1f339d3ad7383208cd851ec37921bf9c92eecd1d40cd427ef8e4f1,SP-1001
8df6dcae9d715803731656175d114e3b8fef1848c6b2f33356698309bd8e91fd,SP-1001
ee84164ce4724a0f6502eecfcb599ef7faaddc6005c56c12fda2f091644ca549,SP-1001
a4d4b45dfbcab62b38171d75bb3de61179cc51f41df999919ffa863de580bb57,SP-1001
d2f30d3521ea804f431f0d6d6c37399f824c0144073a23cbe31d2b30e8814c05,SP-1001
4c0c3f846b5b3094e3f877c35810e111eabb5f45aea16b8a44266ce7e30ec008,SP-1001
830f39ce7b6d5d77c0f6bb2bbcc27311dc1f0283a2387488aa402b2b3d4d68aa,SP-1001
e27faf7618ad7b420bb544d6538d6d13b463b89117d06527567eb3170744e943,SP-1001
f8ba32d834eca47d6212f0e40e2bb719d0a5a2742d64a0496bf69e35f1dd7081,SP-1001
48e7a7fdf02b9ae5c037de01a802a7405000aa78aadb662f6e6b8bdef9ad4c74,SP-1001
e124096ac4cb20413fbdafbc4bcc31fb8928a05459c787905105fc74ee62acc9,SP-1001
5e63ac5ff47803d571fcaae915af61de6b734790ee4dcc6ed50f591d67923409,SP-1001
74fab0ad8bacafbe7fdb01954dbb52e38878e0594c774ed9c4a54e83e6fc9ffd,SP-1001
9dc0488a3c3704ead8e032d7076577770d3bf4ddccb5c6fd486a919d5f7e7519,SP-1001
3d0ba5b1abfcc03492c362eecb3b69a827cbafbec11fe37dbbbeb6d0a13786e6,SP-1001
7f94ee82ddd580a358f3d22793f9e78dba5cef2198c132b8e6b5bdf7e40a02ad,SP-1001
74a456a96ec79e8c566e06790baacb018ac768ee6632a8f5af046c1abf105497,SP-1001
306bb5ad641cd90ee5bafbb443e3d1057f473186c4c04f1a478b6bc933ba4d94,SP-1001
ae879484aa312d0aeb3387a2ad064ef40623684c91aff2708c2d070d8a1f68a2,SP-1001
95a9b123a64636c66e577990cd05910e04eeadd1e66511b85264aadb0e8819ea,SP-1001
cb9b4c00b1cea549888b9ccd3528bdd037f9a3f7764f094fe65af9cbc569d7e5,SP-1001
f9816e36c90c84cc0e22a8f582516c20162640083e082384cc7ed0bc8b36695c,SP-1001
c3b600f271bc41d41514dea3691cad80ca5d60146513dc65166a05564e3a6cc4,SP-1001
0b1eaeb33d4e5c7a2833e34784e74618713892ce64beb43148d3853f2d5541cb,SP-1001
ad52fa595587bd633b160c5243c3862d320d920f1e3fe6f8ec084ec225e9f79e,SP-1001
79fd926d90d1bcb7795da9946390da2181c1218e5b6c985384ccd6b688fd7bcd,SP-1001
1eb9ded7d4621ec550c1d1ad10084f00025686c092be4d9ac586f8637487297b,SP-1001
867943a7776e3a1ec682484761a171e5af6a7d49f30bb5797ea1b6d8aedac768,SP-1001
9df07ddd592c527702d37da0f62fb75eefe88af716dce5a00942a3d3ca2489ad,SP-1001
d28b99314b659ef05cf88f5f88accc2afecb8cc2f9486380998b71faa5a41057,SP-1001
ca735d4e9dcfebb0ac3f95104585c642314920460972e708baa6f4a0882ff2c0,SP-1001
8b4c70fcc22918da7a5ed94bcd031a6b1734284b40db5970fbfb93988623d07c,SP-1001
f062a442b74b03ea6845bbb4ca266a8e3c105eafefad44a6e700a5c257874b9e,SP-1001
d53c1b4e2aa93333aabf6f2f4ceceb84cef68bac6e4fe4d8bea1436f79f304ee,SP-1001
3317ed67788320f18a0f243804bfd3cc70309f5dbbc431a426067ed55ce97236,SP-1001
eef888be3466eb4d50cd58dcc317cf9318fc8dc9044a0c213b269d688f1da255,SP-1001
d70b8db2c3c3842d5ede7ffe6cb3ac4a1f5c7320136b1bcc9cf2135fddbbdaab,SP-1001
724f0c8488dfda5003202ecbabd4ff366367f4f12e8c4e3c0bd2739178eb9e74,SP-1001
502d653705d8611f3a1fb8ee855f649e4daf02c227739cb456bc305c2733684c,SP-1001
471933aec01add19c5f7305f9fa91517fe44a5c384fcbf7624dd3a787f5484d9,SP-1001
9fe6f5df5dd8640074c902ab43c4792dcf61db655202dd07a653bbe40b2693c4,SP-1001
30acdb5f1c655570d229b08a3a7407f14a38ee53a582daf4ea4f7857fc80d0e7,SP-1001
07d803dfbe705e11988c2ca275e850ec1760d1a3d27d1bf53f4c2af54ef93c75,SP-1001
2162104f53b5a3eae110701b9131357a8733355ef1a4dc392cfe35a2fcfe11fc,SP-1001
bc935335b6564cb4144db9853c10e7af381e6a9cf0ad039f285a59aee406f570,SP-1001
da9d562df8625d76f0a909257da466dbb6cda5db7f8f567bbeb60f477c469630,SP-1001
a3799b3ce48bcef11dd31bc89baab8e453ee29eafeec9c33c3271473c56653b8,SP-1001
a65ae44fd13ccaf4fe3f56e3d5f6ad15d719dc8f82b1e78a73589af52c5b414c,SP-1001
f6504c8c1f131b5fcf5975dc9ccf29a22094de14bac833ad593dd7a28cbc009c,SP-1001
45c026b72d9ac2a03ee569143e84e81ba4a65fa936608b6e56ed83aca26eb109,SP-1001
ad404f9b2f13538084cbcb89128a1dd9214438c0a89f08843dbee11039f305ee,SP-1001
72e67049d0d9908b4e187b7c546c0d2c04042d67d452360235874696bb75f657,SP-1001
75f50a00c35dbeab8a89ff26882ac711941441ff8caf6eecbc90a4c0ec8f71f8,SP-1001
a851b621377ee5bd46df51f3c191565d9f8960a37104e507da24d8d924378fd9,SP-1001
588472ec9bc3962fd92d2a4d3220fc9376e09d5a5ae1182953f6adb225277fb0,SP-1001
635f6c7f10b91e7bc31a724bd47fc45c792deb1e35f675778a0e0f5251dd5478,SP-1001
eb7fc84d75d1862059f0806b6034983a0d26500ce0325517c1ad4a3eacf1c44f,SP-1001
d319e5f12b5d019fe83b3668f0a32eab94b90f05c36f69574f8b251f7e3c05c7,SP-1001
283c11860324623afba2e1b8379a73a16664f4020dbd9acb3e06ed6d74c349c9,SP-1001
71079be2be9145e0d0771818af5c3395a6c8a26283e2312e2d1185b6f86c8daa,SP-1001
33e9c4cfead183eb8e8ab3439164be98a73b3b1976cb00608225c5dff3a10076,SP-1001
d6e31ce92bdad102d2933752bc5351339315f0e9f43a8ab735ae5273f11ecb2e,SP-1001
37a619dad945e2b6571707f72f6242c4bfb2fbb9edb3808eb293ab0e1e63e8a2,SP-1001
185275073bafc54c40420a5cf456884d6691f89af758b8f351604b2ffd303b83,SP-1001
9deda65d11869c2dfa948246d891c0256b9ad03e7d616d67e9b0c3a714694366,SP-1001
eb7fd77f88a107c47297fcac8e4a7fe50807c90c46cc474f19ab82956ab4bbd0,SP-1001
774e7fb11e9895b9ef572bc50cedc6da050f511892f04bef11057a72164b48a0,SP-1001
8de90b56386c860764fdfa441b28102984556fbad72e156eb4ff98de7f44fd88,SP-1001
7d016628c76275f5586c6a02ddbafe22a38f432483d79533af58ea69de404cc8,SP-1001
48a1194816b22ed289af8b96fd8bfb4e5756ce22f2f4d99c914141383b02903c,SP-1001
1649a2a4d9aad7851b120869b955a8f8c67d73ddbf291ae7ecfbd6787d279988,SP-1001
10baa556845af0411503e9fd461450e3022c8b7391e45bcc0a5bec9140eab703,SP-1001
7bfbbe100e61853fa3f67d7d1577f28591f4acdd8b3ed2ab0c182e0d4bb0dadf,SP-1001
5dad5bb6eb04d5db8823699c6d843ec019b680fa2a5364492a7e9e5154b7dd0b,SP-1001
b10ed2ee5c23b252c00ad5c0455bed717e6adff54143cec7d1944ab3c0d77512,SP-1001
d0ece688fd97101559ddb8d6a434ebcea41740e4c0802c664913dfab26df5209,SP-1001
779a02c4ef07adfacc7ef77404a52e43f6cf9f708351db0cae25f84c6ae9e491,SP-1001
8aa294ace4ec7be215dc64ff69f4cab5b8827fb5da596cbd26aabaf6a51fffc5,SP-1001
8ea7ccca8e8a84f2e669e88b471d54827ee71aca6bd22b46b69a8c34d33626c7,SP-1001
9818e660584bc5c7ea00c59f8d022f7b47b695645e0941c441a5a529a5b3bce6,SP-1001
4886c3d0d0e0aba18ab740fe05691adb1f7c8ce4a51ed20b17968fe55b8d544b,SP-1001
bf8bec4c8af4cf3d848508362c1ff5bddeb9cda0df14a66c6cdae4f38558bb6a,SP-1001
e6142ed90ad1ba6b7e53b96f8e2bca20edb712fbf0cbfb698ec08a4694b8b74e,SP-1001
cc7a9df6eab99eaf0b1a506af900014594293ec156a25450a8cd6de9b86c7479,SP-1001
d0e7b62535d53b16fa0322204d4448985bb33dc99939432424c5263e92a2dd0b,SP-1001
11c4d1238f408d18d2d3510fcb008aad3081f6341f2c7ef4291f5b5ed739eff3,SP-1001
f30cb31e7a6e43057d3fcd735704f4e787474555930f9db7303b36ecd0b817b8,SP-1001
bf95347562637c38ff52aa901353d50d280e50ea85b38af9f19dd545a5473b23,SP-1001
126547d47cdbf09127e7a6c93b416aa3b8c8d6c7af721afcc71d3e46cc56a29d,SP-1001
b179446e03d9a31b54876f87b2bd277c70f8770e90e47afa19f82eeb7c64ba3e,SP-1001
54b0f92d92d2fa07a51aafc1e9cd1e7001e6ddcca83cc68093db31c92f548611,SP-1001
b2ad1abac80a7ce6820781baad09cb34cb75f58863d6c59ad1cd588e4d44c737,SP-1001
8047bd3228163dfdbbedc0df599474b7f13e11034ec13ccbc028fd6d6bd7ef9c,SP-1001
3f40c06abc68070a3e4a9bcdba9a30c40b71d55707a625f888134b011911a806,SP-1001
6eee2b856b7b50f5165a9a34ac37a9048c32c87b8de88641755c795dba049229,SP-1001
e2fd758bdae130dfb5e2e4de1a8d12745fe79716fa3943551d7dce9b65d8fd93,SP-1001
766b538cee17c55398650610f82f8375c4f02471ce0dbac9d6240003d717c517,SP-1001
1d38fead305509f0fce933cafaf2b98b823a314cbfc45cb990f91d5fb64276cb,SP-1001
2057da159bf4f6a971cabaa3893441b73331666970a97a124211c81750ec0359,SP-1001
de88dcf2fe69d930f9874e3184b6df5e76119602037075bbf15d8aaa0efd4ab7,SP-1001
f019a61aed0c851dd5da0f193228faa10dcf5446ffbfbba06a35393ceb72e6fd,SP-1001
ad036a2db7c636ca373234c5b34c35421ea4519183eece688ccc877cb08c4022,SP-1001
7e9de1c0c9d6bbdd1d249b33c1993113a9599c516b5db78aef5a08e1041476d5,SP-1001
a4003c2b453a99868898ae7796cdc9c6cc6eda9a4b897a222b687530cb551ad0,SP-1001
55af1bd7fd45f70ad69b7de02d1e4829fbaf668b21745b27a7b500efa709fda3,SP-1001
cc485ddcc27bc4194f8b05d1a23d74b57562e7bc7938c982a679ab985dafa515,SP-1001
c00cbd673729241637443c79902e3aa1d251ec60ecf11c2c0bd9368d71514079,SP-1001
39e428977640324a0016249823e4e2ff2061924114597ab817cac267c529bf1e,SP-1001
5c24cd7e79542ddcabf578417d02d32c596bc00f8fa6a175e786faae64acd96e,SP-1001
7d0e22bb534564b3b8dd7c46f7635e18fdb6c2b754ee763cd7fac3226109385b,SP-1001
f0cc0f77801661da5e0c06a3df9b18164959e176129aca5bcc379de3612d52e7,SP-1001
8202f5776ddea1c808fb73623b22daeee36d28014c8a0e8ac50b5c720f436d31,SP-1001
26f80735ca105bb6d802e8e781eb5f044d113a161a42251b8c551dacb6022f46,SP-1001
f731b15852f7c98a8a3febeac6c91779f0c73b6ad9e8f4e68310cbc9aa3b7462,SP-1001
fbd918708973ca39936f2bd7b3da1a241d86faa28a58b6b2877b701fcefb8371,SP-1001
5ac8670324f6f25e5e4a92025e79357e2c2552d8c4ffc4d9abc094e579b8ede9,SP-1001
b122c25c7f5fba912772f53fae7de29a823bab03acae23ce83d2e5e29d973766,SP-1001
da2671c1c07eb57dc2b1e0bacdf451ac4c364f3e6784bb876c777d8e71d27636,SP-1001
b1ce6fd0f6265e35aadf101aa3afaf712f67a598a9bfd80a259b711bb8407193,SP-1001
261bab957960bf105495dbc406b6a72012253d2e8aa77f57121215b14a51ea8a,SP-1001
ae1fcde24b7e49837475e51913faf11fa75910fe1d59f6d076ee23610936384e,SP-1001
27658f98beade3faa25d41e022d524c70a631d75fe68af123307b317d00dd8c8,SP-1001
1d57ea6f84deb5ba620e417bf0073104e81207932969cbb070e0720415823921,SP-1001
8e46d7d76a25a1b601307441b7d21cd2c83b381937e8d829f0b23a642dc7839f,SP-1001
eb42a23bb5fb074c8699ee19ce4101a8f5c8037bcebe4bd6f5735d6d500cc7c2,SP-1001
58be7685d68c9ff0715f2533648775674a679421ad93b11e20ebd5fc4cf97dcd,SP-1001
0415d00dd407d185d1c8c6f07d683a2dce3d6da23128b119e504b425552dc54b,SP-1001
589039b175fc7cfee06b71b8bef280d756ed9f7ea2c0ad25eeddc0fc7c51b0a2,SP-1001
32e66014070c8933c27f0cdf1af0b64a9fdd0f1b2ce8f40fcb197acb335ec444,SP-1001
3c20b758fa99f8239946e1fcaa15f940af1623bad7ee32abdeac9fd036e5588c,SP-1001
b9aca8b555f36bc2c16332c9d7ef1e290470eb722ab93992196109a986366dab,SP-1001
96665723e72a3956f477d117f37a66d60dc9857ae07b60b3845c96b016d10e59,SP-1001
56a6bad7c186070565095f01cce73d0416769523e14a531b9fdc6b7aa3d14705,SP-1001
0c2c944fb3f9a5665459c4290ca194b2fd4d19573582380f0384fa2aa613c8fe,SP-1001
aae9e5edae5d3eb989fe1272bcc750a10cbcbdb51309004010d9e2e3d2976ae0,SP-1001
0df1f3267c48d0eaa0e33dbcd245ab4e7d325590a7581beb32cc575eab10f789,SP-1001
8d717f5e5ff50c7b4df065af74a7c594bea423a202e378681e6186fd5a4ac1ac,SP-1001
3f13b732b0bd047d981b4d659a1add26cff72e4b51d31c40e5e231fb9c414606,SP-1001
07c9dda810d56229b2893f148f92b9044e998f38f00b1b79f59b5142b67e758f,SP-1001
b89464b7954fc89388a861c573441d63540db2478ede044ac92725e3e5ef8791,SP-1001
34b50336bf87531e6b82467d6b05ae95725d465367689caa14b106e4d05682f2,SP-1001
1be19b6b99db6f6432c8884ca96edb135cb90f37ac2e92653ced20f4c379255f,SP-1001
158d3275ae4f375a0690014dfc2f0ea1ea20a0bedcda901bf9282810e3b89e37,SP-1001
863cf35ec8ad13900448c03325559a0ef8e5773e651332eb0f5b897e803a4600,SP-1001
1717d7bf731ea67cc8494118ed155bcf445e03cc289e8c14f80188deb7d4fa5c,SP-1001
c40f00fa67177593aee93a75c4e1b5502f51589fe39956c87782ad32f9dc0964,SP-1001
4cba6a3e71c7a8ac9c69db8bb9191398d188eccad8d2d817ac9272335a004fca,SP-1001
7d8781e55f8ffdde5f4cfea2f99fa7ca3d4ee9b511942763cb8c8e8aa07a7443,SP-1001
7aea48864603f327d7063ac11cf1b680cf24179e8a0ec7c52cd244cd4aff3ff4,SP-1001
5564da21ba0bf76697495632cadbeaf552f8955f5f10813d0b0121ca5fe84487,SP-1001
db60830fb1acb0b9e24dbcff9ae8fa6819ee5e28cb5bf69f0c688f24d8cb6836,SP-1001
506966474c0dd907fd6a91870d7ef22cfd4cd6cf5794c322d4633b089772e99d,SP-1001
750bde82f94b71e2eb3b1e7ce71963916d6c3d96482259cb6cabab20977a5f18,SP-1001
31d289e9396be7f850673f29c7cf30abf0418677ea845cc35beca89bb57e6ff2,SP-1001
956d9c26d89b0deedf7ff95d31250a19dd1ffc652570d70cb0265b54442be5c3,SP-1001
4ee1f1418126c55357061c34586490c23e9b7f4346b1f28b6cfe3638f09e1012,SP-1001
d43b149615ae71c6f733a447134159f441f58cab1bca059908b25665fde0bf13,SP-1001
12f4d9c05456db54c3b2f2b554ec6a29ecfd9fe5914f0b1714abe97b10431977,SP-1001
1d83b2ab07fd9ef642b07cab0f026ef87e3054c64d159547de76bd28f7b9eaa7,SP-1001
7c9496a1ee8a89b792335456931b9fa3f53726024c77b80a335d0e790c29b720,SP-1001
c4f0a4c6c8ea7fbccd515fbfafa2877d8d24d87a5d3c86cb30f9dbffeb0d6a35,SP-1001
d03f08af0883c795bc529bdef3518cad6c8aabacc985a032303aa1124e2f02fa,SP-1001
c562dd9e7f83c788b2fb2921067a6e80a29ca3e202435c8d6557b9b03ccc156d,SP-1001
2b5c7261a986774020cefa3a5265825e2fdc43e2bd42f17d435e6b8268d8669f,SP-1001
9aedb7ed34ee0f2fcd24916c0f19690f354dcb38af797e081cc57780a5921c61,SP-1001
c1f1c29b816aa42640a6a862ab5493380296fd6d922c3e3e625fa5e6c9169223,SP-1001
8d2781d22368a8682d7d92b0f1447f8d6e9f375efadd55652c1607c1deae1413,SP-1001
3249d233da926a7b6650cea0213ca10b5a1a8d2878f7d4a05e2707cc1b35a4c0,SP-1001
599481d9e65f66b6b74519795bde5c800f27f4723b83178f0974abc3de8346ab,SP-1001
70387857cd79841fa53bd70122d4934cff36199fb7b6ef12d098fd798ecab93d,SP-1001
8ccaeb8961e94ecbc3d115087e8b3adb71f064a04233e43fc2094746b9f97129,SP-1001
5f637aaf539ce49d4dcaac3d103adddb47ccf2243aba3cb6b729140de38bf78b,SP-1001
43cab30e14ddff31799f5c6eda17e7aa661ac3e57709a15813257d3e45351019,SP-1001
b74f4fa967fd1784ebfb269f4b0ee9be33a823fd09e51c45e890181cb9cbdb8b,SP-1001
d5fe267c4a828a61a609cb5e90bf66c7b9b53318146f04168fa6cee362be26e4,SP-1001
ac509f22b22a570f5af8a65473ed94e6f292ab522c58369ee261be66b1b7b632,SP-1001
2592e7ec044420e6e411d5ce194d5d3317c444fa0841f1229122b5150d19aa19,SP-1001
c8f84167b69510209c6c529eb949da1907a382e0812d90ee5444c9b05eb19649,SP-1001
9b57c5cabb9d1994a9a47770e1355bd8f98b09be07b55b5f0e52ec4750efda44,SP-1001
56d4e16bd874271cefb3a8a219289a5964b158b3892724e65321e84cbb45043f,SP-1001
670c511560d26eeaed727c7b36bf0b81edac22a7519c61a256cd708be331212a,SP-1001
d20502d163344117e9007c819c4d3bc6c733fb4d6fec988a45708fb697dfb68e,SP-1001
4be4315984a42f768eccfe41df547572ca80ea29fd5986a0df773ee843e688e9,SP-1001
111d1ea120f148f724e62f56f35b9c0f8ebea35cd47e4de3c9831b63007ed11b,SP-1001
2cbda64f21a2f4ce545e853495e2413b1f749fa2757cac9da1cbb8cffd7d394c,SP-1001
ff76c40d3e3575e3d9c6b17000a9c504aa257018bb64a0baf6914534b311b81d,SP-1001
03d79631d667cf3102d7a890ccafbdb5c71041080d280ce87c8cbb2c59d8b9c3,SP-1001
3ffd8353f2d17003d29989c7d49d8d86faf661950045e7e45a64da7b996d871b,SP-1001
abf5d03337edddca2d1b758582ea79d2c86dc743d8024427cf8b50dee43232e0,SP-1001
21261962ba59f20fde836a8974b7856bc817f5a11b4153f13549288af5626808,SP-1001
0cbb92c588da3a32199fd28688cf59b03d853a5484e64cc529fece752213ba05,SP-1001
99bce68fa8c2e35f628144df6015118afb293c1334a91586ef543f3350b847f1,SP-1001
9022da2dbc29b772e919db9bd95f0f18da94550e4e75c3d58de6d3ce37fe574d,SP-1001
a2ca3b0947e830b7f04cedd7fbdfe10e98d5e4747b8ea4610c4d13c25094d85b,SP-1001
1b41a667a0c477e44913cb4fb143f7d35e2efbb08009ed62b5aff09433ff671f,SP-1001
f7c33f281e09364f2301b28e108cf849dab439248371b41e53b901187516201b,SP-1001
a955adeb7cbd599e3eb9b3546f74e2165298a3b7eabda350bfde896432662e29,SP-1001
a08c3c4d7996c19504f11566a5d91c4ab8c1c1d1a8c778835954d70dcc0a12fa,SP-1001
77142ae2dfc5792a0db44248b2fef120176a4c2c5c1db9fef0a805b96d2335b1,SP-1001
0abb54267eca76db6416ee2f3e1737bf437354da83929904731c5706263167ed,SP-1001
e46a8d9dbd63e5b1dddb5c59538ad82b63ff5ec3117a53a8ddd0789462b417ce,SP-1001
a851c0ff3be9efd30600a20ddb93192bada49eaaaa25c5eb8f09c4e7bdefbb97,SP-1001
c60193fbc11751dd303816c341c9af87328bd8a2a471868b8c5c6f672faaf83d,SP-1001
5f059a5ce4c411a18590179c624fb8f51fe3481eedbb36716fbf9ecbae982c2b,SP-1001
dfc34d1e8b5be90659a11707f1d85ead68109c82a5d3eda252cfa6cb552a8a0b,SP-1001
616d15f52db44a31cdb57ac4f401824279b259fe346e35acd7e813c3f1d3ddb5,SP-1001
ee95945e23656c4d001c1746b95cb76639947215b7b02500bf0e28a01e323711,SP-1001
9736e7c586a428b3f26c138269fc92953dd01cbc0383c68fc011954b9d4c9b12,SP-1001
f754863b4e5104c423829c1c98b6ef6d6caee28c294af461be67aabe033a81c2,SP-1001
14a5612a13e90b4545485a468d590046aa2547eaa4467d6d95bcb71b8673b27c,SP-1001
d31ea226e09a7f70544009fe83f23ba0ecf8308855874cd6ff08fb5a951254b1,SP-1001
7b76edf0df57be919ce7ebcbd4b168b6f50853e1438d4171f304b614cbe3ad08,SP-1001
935e3cf76299e18c772db807b3e894a4c3a662c1104429be7a4b141af49b245f,SP-1001
e78e901b72e47dfc1bcf63da3ff7a7d62974f75cf8b17859ebae94c6587c9477,SP-1001
c7e555a65f965767daf1b58ee6c4a71b17d2a51f4c66778a1f1a83ca3349338d,SP-1001
1824878effe748ceecde1746cedfbe1bc80ff29c745c2138c1593a0048442aae,SP-1001
dcea021b5043480cfe5ddd263c82c5ff153fdc31583726c83221060b1b81f9bb,SP-1001
9a99f96f5fbed9a77e7a6f793d44953410bedf8e77e12b0674892cffd3cd0455,SP-1001
6a4e691b269421cbe712ec56a3fbaa8d1a07ef57f748b6b1de94d6daad659cee,SP-1001
231077d00f467e2e360a6860041eddec19266d9ec12e83a1864263e17a0bdebc,SP-1001
59ba2ee6f8c75357b7219a6275b46cc6a5eee0c834137ffe38f371f980a09019,SP-1001
b8577ee10ddd5573dfac6f601916e5827d0037cee0fe1cb5df4c2a0c0611aced,SP-1001
9a72c2eec289bcf16619b21efd93ba32cd244ff75c373a840f1d5b710d12c235,SP-1001
814bd26d8a30499c111ca8418aab0c1c080991246ee8714c0b46f6a47d13b1e6,SP-1001
97f1848c973ec10d7967d7240b94870ca4c445e8a36e5b1c376af00a5919554f,SP-1001
83cd39874249fc3a7bd2099ec08ca699c2b890861bf877c514c130658adb9fd7,SP-1001
f3e32660d206da958cb0f69e2ddbe2a6245477ac1708d73281ec1b11f8709483,SP-1001
d439320f131976a771f5a54d2a5130615e118fe9defdf573b1720fc54e764836,SP-1001
68f6f8ab0e6af0fff6eb39c8a791f70270f9e5eb90a9deaa0f3b21d2073c1739,SP-1001
d9a154935fad9074445830deeb8dd9c3974fa84507921f3f168b7d70d7d5b80f,SP-1001
